"FIPS","Jurisdiction","seven_day_avg_cases","Population","New_Case_Rate","seven_day_avg_case_rate","Cumulative_Case_Rate","county_name","Cases_Per_100k","percent_tested_positive","transmission_level","TotalScore","MaxScore","HHAScore","PoveryPer","LIA_Score","Rural","Rural_Score","Completeness_pct","Administered_Dose1_Recip","Administered_Dose1_Recip_5Plus","Administered_Dose1_Recip_5PlusPop_Pct","Administered_Dose1_Recip_12Plus","Administered_Dose1_Recip_12PlusPop_Pct","Administered_Dose1_Recip_18Plus","Administered_Dose1_Recip_18PlusPop_Pct","Administered_Dose1_Recip_65Plus","Administered_Dose1_Recip_65PlusPop_Pct","Series_Complete_Yes","Series_Complete_Pop_Pct","Series_Complete_5Plus","Series_Complete_5PlusPop_Pct","Series_Complete_12Plus","Series_Complete_12PlusPop_Pct","Series_Complete_18Plus","Series_Complete_18PlusPop_Pct","Series_Complete_65Plus","Series_Complete_65PlusPop_Pct","Booster_Doses","Booster_Doses_Vax_Pct","Booster_Doses_12Plus","Booster_Doses_12Plus_Vax_Pct","Booster_Doses_18Plus","Booster_Doses_18Plus_Vax_Pct","Booster_Doses_50Plus","Booster_Doses_50Plus_Vax_Pct","Booster_Doses_65Plus","Booster_Doses_65Plus_Vax_Pct","Series_Complete_Pop_Pct_SVI","Series_Complete_5PlusPop_Pct_SVI","Series_Complete_12PlusPop_Pct_SVI","Series_Complete_18PlusPop_Pct_SVI","Series_Complete_65PlusPop_Pct_SVI","Series_Complete_Pop_Pct_UR_Equity","Series_Complete_5PlusPop_Pct_UR_Equity","Series_Complete_12PlusPop_Pct_UR_Equity","Series_Complete_18PlusPop_Pct_UR_Equity","Series_Complete_65PlusPop_Pct_UR_Equity"
"42001","Adams",33.0502680965147,103009,31.7925630810093,32.0840482573727,23940.6,"Adams County",310.981111111111,15.9552054794521,3.84018264840183,30,18.7391304347826,15,0.0826260869565217,15,0.434782608695652,2.17391304347826,94.7,64567,64561,65.9,63567,70.6,60466,73.2,22807,99.9,56748,55.1,56745,57.9,55384,61.5,52494,63.5,18423,84.8,26761,47.2,26757,48.3,26107,49.7,60.3,60.3,12772,69.7,4,4,4,4,4,4,4,4,4,4
"42003","Allegheny",351.905898123324,1216045,28.6941567065073,28.9400804289544,21606.2,"Allegheny County",277.883080808081,11.1111415525114,3.85844748858448,30,20.2462686567164,15,0.146805612244898,15,0,0,94.7,1066525,1066428,92.5,1042606,97.9,990817,99.9,317045,100,840179,69.1,840126,72.9,806386,75.7,759999,76.8,203286,86.4,404030,48.1,403917,50.1,390994,51.4,62.8,62.8,142540,70.1,8,8,8,8,8,4,4,8,4,4
"42005","Armstrong",20.3734584450402,64735,31.203187250996,31.4769436997319,23497.3,"Armstrong County",397.010485436893,20.2830593607306,3.84018264840183,35,22.6315789473684,15,0.115389473684211,15,0.631578947368421,3.15789473684211,94.7,43275,43272,70.3,42719,75.3,41021,78.3,16291,100,38564,59.6,38563,62.6,37862,66.7,36235,69.2,13480,92.1,19023,49.3,19023,50.2,18726,51.7,61.1,61.1,9337,69.3,4,4,4,4,4,4,4,4,4,4
"42007","Beaver",53.6459785522788,163929,32.4432934926959,32.7256032171582,24428.3,"Beaver County",366.561288659794,14.4924657534247,3.87671232876712,30,19.2745098039216,15,0.124660784313725,15,0.0784313725490196,0.392156862745098,94.7,103413,99061,63.6,102444,71.4,97583,73.7,30093,83.4,83613,51,83612,53.7,82412,57.5,78280,59.1,21488,59.5,42938,51.4,42936,52.8,42151,54.9,73,73,20014,95,4,4,4,4,3,4,4,4,4,3
"42009","Bedford",14.6725201072386,47888,30.3709163346614,30.6406166219839,22865.9,"Bedford County",402.928493150685,17.4464840182648,3.88584474885845,27,24.4545454545455,15,0.117627272727273,7,1,5,94.7,20656,20655,45.3,20417,48.5,19858,51.3,8413,75,18542,38.7,18542,40.7,18332,43.6,17844,46.1,7475,66.6,8651,46.7,8649,47.2,8570,48,56.2,56.2,4686,62.7,6,7,7,7,7,6,7,7,7,7
"42011","Berks",136.706970509383,421164,32.1734395750332,32.4580428954424,24226.2,"Berks County",274.146262626263,15.2817808219178,3.78995433789954,30,19.8888888888889,15,0.145117777777778,15,0.0555555555555556,0.277777777777778,94.7,308524,302586,76.2,305295,84.6,287395,87.7,91725,100,252231,59.9,252225,63.5,244138,67.7,227429,69.4,66779,90.1,107810,42.7,107790,44.2,104128,45.8,56.7,56.7,40736,64.1,12,12,12,12,12,4,4,12,4,4
"42013","Blair",39.6372654155496,121829,32.239973439575,32.5367292225201,24279.1,"Blair County",376.133253588517,11.8472146118721,3.8675799086758,35,25.1470588235294,15,0.168714705882353,15,0.205882352941176,1.02941176470588,94.7,75857,75854,65.6,74788,70.6,71705,73.8,27548,99.9,63372,52,63371,54.8,62035,58.6,59151,60.8,21214,81.8,26508,41.8,26504,42.7,26054,44,52.8,52.8,12430,58.6,8,8,8,8,8,4,4,8,4,4
"42015","Bradford",20.1018766756032,60323,33.0702523240372,33.3218498659517,24899.3,"Bradford County",349.139170984456,14.7331050228311,3.87214611872146,27,27,15,0.126871428571429,7,1,5,94.7,31828,31827,55.9,31237,60.5,29870,63.3,11427,86.5,25634,42.5,25634,45,25138,48.7,23955,50.8,8745,66.2,11450,44.7,11443,45.5,11262,47,56.6,56.6,5576,63.8,7,7,7,8,7,7,7,7,8,7
"42017","Bucks",164.319839142091,628270,25.935192563081,26.1526809651475,19528.2,"Bucks County",223.677832512315,9.85812785388128,3.78995433789954,30,16.4125874125874,15,0.0619028169014085,15,0.041958041958042,0.20979020979021,94.7,600502,600422,97.5,585461,99.9,548432,99.9,172158,100,449113,71.5,449058,75.1,430693,78.4,397415,79.3,109852,90.9,176284,39.3,176220,40.9,168516,42.4,51.3,51.3,64109,58.4,4,4,4,4,4,4,4,4,4,4
"42019","Butler",59.3845844504021,187853,31.3385126162019,31.6121983914209,23596.6,"Butler County",354.4608,14.7950684931507,3.83561643835616,35,18.8636363636364,15,0.0961186046511628,15,0.204545454545455,1.02272727272727,94.7,138829,138820,77.7,135313,82.5,128114,84.9,41330,99.9,119866,63.8,119864,67.1,115462,70.4,108538,72,33330,91.4,58269,48.6,58261,50.5,56549,52.1,62.2,62.2,23378,70.1,4,4,4,4,4,4,4,4,4,4
"42021","Cambria",46.2121983914209,130192,35.1788844621514,35.4939678284182,26490.9,"Cambria County",354.231134020619,10.5372602739726,3.83561643835616,30,25.547619047619,15,0.177588095238095,15,0.404761904761905,2.02380952380952,94.7,83802,83793,67.7,82628,72.3,79379,75.4,31902,99.9,72507,55.7,72505,58.6,71061,62.2,67949,64.5,25833,85.4,34659,47.8,34657,48.8,34110,50.2,59.9,59.9,17056,67,8,8,8,8,8,4,4,8,4,4
"42023","Cameron",1.08485254691689,4447,24.3118193891102,24.5306970509383,18304.5,"Cameron County",306.177685185185,14.8406392694064,3.76712328767123,20,16,0,0.1613,15,1,5,94.7,3251,3199,75.5,3245,83.1,3163,86.4,1453,99.9,2500,56.2,2429,57.4,2500,64,2430,66.4,1117,89.5,1164,47.9,1164,48.5,1156,49.9,58.8,58.8,674,66.9,8,8,8,8,8,8,8,8,8,8
"42025","Carbon",21.187399463807,64182,32.7292164674635,33.0097855227882,24642.4,"Carbon County",353.2685,14.9671689497717,3.80821917808219,35,20.3333333333333,15,0.1204,15,0.333333333333333,1.66666666666667,94.7,47158,45576,74.6,46796,83,44731,86.2,16290,100,38618,60.2,38618,63.2,37930,67.2,36143,69.7,12763,91.5,16895,43.8,16895,44.8,16529,46.3,55.6,55.6,7506,63.7,8,8,8,8,8,4,4,8,4,4
"42027","Centre",46.9105898123324,162385,28.6357237715803,28.887399463807,21565.4,"Centre County",274.753267326733,11.1145205479452,3.80821917808219,30,25.8387096774194,15,0.219545161290323,15,0.354838709677419,1.7741935483871,94.7,116226,116001,74.2,113748,77.5,108392,78.4,29361,100,96263,59.3,96255,61.6,92632,63.1,87714,63.4,22721,94.1,49215,51.1,49206,53.1,47139,53.7,69,69,16533,76.1,8,8,8,8,8,4,4,8,4,4
"42029","Chester",122.214611260054,524989,23.0847277556441,23.2785522788204,17383.8,"Chester County",223.083910891089,9.98849315068493,3.79908675799087,30,16.8103448275862,15,0.0689215517241379,15,0.0258620689655172,0.129310344827586,94.7,578925,578886,99.9,559871,100,519363,100,145826,100,403700,76.9,403686,81.3,381482,84.7,348612,85.6,86935,95,169000,41.9,168964,44.3,159638,45.8,55.4,55.4,53851,61.9,4,4,4,4,4,4,4,4,4,4
"42031","Clarion",10.9986595174263,38438,28.366401062417,28.6172922252011,21364.3,"Clarion County",400.633119266055,15.3168949771689,3.80821917808219,35,28.6,15,0.15522,15,1,5,94.7,19645,19375,53.1,19542,58,18946,60.6,7632,97.9,16755,43.6,16755,46,16537,49.1,15941,51,6289,80.7,7409,44.2,7409,44.8,7312,45.9,54.5,54.5,3770,61,7,7,7,8,8,7,7,7,8,8
"42033","Clearfield",25.7612600536193,79255,32.2247011952191,32.5025469168901,24266,"Clearfield County",347.764482758621,11.7265296803653,3.93607305936073,35,27.8,15,0.15005,15,1,5,94.7,44452,44447,58.8,44243,63.1,42883,66.1,15856,95.4,39308,49.6,39308,52,38708,55.2,37362,57.6,13141,79.1,17973,45.7,17973,46.4,17725,47.4,55.7,55.7,8138,62.8,11,12,12,12,12,7,8,12,8,8
"42035","Clinton",12.0887399463807,38632,31.0164674634794,31.2879356568365,23351.1,"Clinton County",363.02198019802,13.0353881278539,3.81735159817352,35,29.6666666666667,15,0.168155555555556,15,1,5,94.7,19740,19723,53.8,19627,58.3,18913,61.1,6880,92.9,17164,44.4,17164,46.8,16853,50,16147,52.2,5606,75.7,8717,50.8,8717,51.7,8566,53.1,65.2,65.2,4079,74.5,7,7,8,8,8,7,7,8,8,8
"42037","Columbia",20.1028150134048,64964,30.6677290836653,30.9463806970509,23092.8,"Columbia County",366.83395,17.5350228310502,3.89497716894977,30,24.2666666666667,15,0.151646666666667,15,0.133333333333333,0.666666666666667,94.7,46149,45912,73.9,45665,79.1,43382,81,15438,99.9,39881,61.4,39881,64.2,38855,67.3,36775,68.6,12371,94.9,20198,50.6,20197,52,19677,53.5,64,64,8681,72.4,8,8,8,8,8,4,4,8,4,4
"42039","Crawford",26.4365951742627,84629,30.9654714475432,31.2400804289544,23315.9,"Crawford County",385.111336633663,24.34,3.83561643835616,35,24.7391304347826,15,0.132252173913043,15,1,5,94.7,49439,49258,61.6,49033,66.7,46992,69.8,18518,99.9,41342,48.9,41342,51.7,40557,55.2,38737,57.5,14405,80.2,18889,45.7,18887,46.6,18598,48,56.7,56.7,8914,63.5,11,12,12,12,12,7,8,12,8,8
"42041","Cumberland",68.0451742627346,253370,26.6204515272244,26.8569705093834,20043.4,"Cumberland County",302.443054187192,13.5612785388128,3.84018264840183,35,18,15,0.0815770833333333,15,0.122448979591837,0.612244897959184,94.7,229861,224707,93.7,226992,99.9,214892,99.9,71814,99.9,174354,68.8,174347,72.7,167203,76.1,156799,77.6,46810,98,72210,41.4,72199,43.2,69767,44.5,54.4,54.4,27741,61.4,4,4,4,4,4,4,4,4,4,4
"42043","Dauphin",79.004691689008,278299,28.134395750332,28.3891420911528,21184.8,"Dauphin County",276.36865,16.0305479452055,3.80365296803653,35,20.4923076923077,15,0.140167692307692,15,0.107692307692308,0.538461538461538,94.7,211343,209988,80.4,209137,88.3,197274,91.5,61555,100,174329,62.6,174325,66.7,168073,71,157288,72.9,46276,95.6,72021,41.3,72009,42.8,69530,44.2,55.7,55.7,27057,63.9,8,8,8,8,8,4,4,8,4,4
"42045","Delaware",146.65509383378,566747,25.6577689243028,25.8753351206434,19319.7,"Delaware County",196.44045,9.82420091324201,3.7351598173516,30,18.8402777777778,15,0.109958041958042,15,0,0,94.7,547114,546963,98.5,523945,99.9,487441,99.9,137294,100,416989,73.6,416935,78.2,394447,81.4,362380,81.9,91680,96.2,158970,38.1,158923,40.3,150836,41.6,51.9,51.9,54383,59.3,8,8,8,8,8,4,4,8,4,4
"42047","Elk",9.53512064343164,29910,31.6019920318725,31.8825737265416,23798.1,"Elk County",381.061617647059,14.360502283105,3.86301369863014,5,6.55555555555556,0,0.0949222222222222,7,1,5,94.7,19327,19244,67.6,19203,73.2,18508,76.6,7055,100,16638,55.6,16638,58.4,16369,62.4,15741,65.1,5864,87,7957,47.8,7956,48.6,7862,49.9,59,59,3845,66.7,4,4,4,4,4,8,8,4,8,8
"42049","Erie",76.2345844504021,269728,28.0138114209827,28.2635388739946,21095,"Erie County",330.916237623762,15.6750228310502,3.85844748858448,35,25.943661971831,15,0.185011267605634,15,0.225352112676056,1.12676056338028,94.7,190792,190785,74.9,186336,80,176090,82.8,54554,100,158853,58.9,158852,62.4,153448,65.9,143798,67.6,42469,84.5,76567,48.2,76540,49.9,74480,51.8,63.9,63.9,29746,72.1,12,12,12,12,12,4,4,12,4,4
"42051","Fayette",41.4533512064343,129274,31.7877822045153,32.0652815013405,23937.5,"Fayette County",358.962079207921,13.615296803653,3.90867579908676,35,31.25,15,0.178647222222222,15,0.25,1.25,94.7,90430,90420,73.6,89774,79.2,86642,82.9,34805,100,73264,56.7,73257,59.7,71950,63.5,68968,66,25776,91.9,32219,44,32218,44.8,31708,46,54.8,54.8,15167,62.2,12,12,12,12,12,4,4,12,4,4
"42053","Forest",2.99450402144772,7247,40.9953519256308,41.3800268096515,30867.9,"Forest County",283.478834951456,7.33027397260274,3.76255707762557,20,20,0,0.179133333333333,15,1,5,94.7,5730,5730,80.6,5709,83,5649,87.3,1702,99.9,5173,71.4,5173,72.8,5149,74.8,5087,78.6,1336,80.9,2988,57.8,2988,58,2983,58.6,59.5,59.5,848,64,12,12,12,12,12,8,8,12,8,8
"42055","Franklin",53.9138069705094,155027,34.4747675962815,34.7781501340483,25958.1,"Franklin County",338.844784946237,16.5620547945205,3.82648401826484,30,18.1111111111111,15,0.0981259259259259,15,0.148148148148148,0.740740740740741,94.7,86529,86524,59.3,85334,64.3,81184,67.2,30856,99,75966,49,75966,52,74112,55.8,70058,58,26402,84.7,33544,44.2,33542,45.3,32762,46.8,57.6,57.6,16258,66,7,8,8,8,8,3,4,8,4,4
"42057","Fulton",5.51099195710456,14530,37.6387782204515,37.9415549597855,28341.4,"Fulton County",519.009849246231,12.1274429223744,3.89041095890411,5,7.33333333333333,0,0.1121,7,1,5,94.7,5853,5852,42.5,5782,45.6,5605,48.1,2276,71.2,5197,35.8,5197,37.7,5136,40.5,4982,42.7,2015,63,2251,43.3,2251,43.8,2226,44.7,52.1,52.1,1214,60.3,2,2,3,3,3,6,6,3,7,7
"42059","Greene",11.2947721179625,36233,30.9112881806109,31.1742627345844,23274.4,"Greene County",392.895314009662,10.1054337899543,3.94520547945205,20,13.7777777777778,0,0.1284,15,1,5,94.7,21712,21707,63.2,21534,68.1,20854,71.4,7529,99.9,18129,50,18126,52.8,17863,56.5,17239,59,5678,81,8215,45.3,8210,46,8125,47.1,57,57,3775,66.5,8,8,8,8,8,8,8,8,8,8
"42061","Huntingdon",15.3789544235925,45144,33.7586985391766,34.0621983914209,25423.1,"Huntingdon County",335.827727272727,10.4303652968037,3.8310502283105,35,24.25,15,0.119625,15,1,5,94.7,26530,26529,61.4,26195,65.3,25465,68.4,8992,93.3,22974,50.9,22974,53.2,22694,56.6,22030,59.2,7464,77.4,10548,45.9,10548,46.5,10415,47.3,57.5,57.5,4811,65.2,8,8,8,8,8,8,8,8,8,8
"42063","Indiana",23.2643431635389,84073,27.4347941567065,27.6713136729223,20657,"Indiana County",350.518529411765,12.6325114155251,3.88127853881279,35,26.7826086956522,15,0.183321739130435,15,0.608695652173913,3.04347826086957,94.7,45029,44522,55.5,44724,60.2,43078,62.4,17114,99.9,38136,45.4,38135,47.6,37469,50.4,36013,52.2,13449,79.9,18252,47.9,18246,48.7,17976,49.9,60.9,60.9,9062,68.9,11,11,12,12,12,7,7,12,8,8
"42065","Jefferson",12.0219839142091,43425,27.4575033200531,27.6945040214477,20679.3,"Jefferson County",395.573472222222,15.669497716895,3.94520547945205,20,14.4615384615385,0,0.156846153846154,15,1,5,94.7,24256,23959,58.4,24144,64.6,23373,68.3,9640,100,20939,48.2,20938,51.1,20640,55.2,19902,58.2,8112,86.8,9626,46,9626,46.6,9513,47.8,56.5,56.5,4940,62.6,7,8,8,8,8,7,8,8,8,8
"42067","Juniata",6.38163538873995,24763,25.541567065073,25.776273458445,19234.3,"Juniata County",326.086347031963,12.1822374429224,3.78538812785388,5,7.8,0,0.11366,7,1,5,94.7,11710,11009,47.2,11638,54.8,11224,58.4,4647,90.9,10181,41.1,10005,42.9,10180,47.9,9835,51.2,4126,80.7,5055,50.5,5054,51.3,4982,52.5,62.3,62.3,2640,69.6,7,7,7,8,8,7,7,7,8,8
"42069","Lackawanna",57.9296246648794,209674,27.3932270916335,27.627345844504,20627.3,"Lackawanna County",263.814949494949,12.1275342465753,3.84931506849315,30,24.7796610169492,15,0.162664406779661,15,0.0677966101694915,0.338983050847458,94.7,175484,170602,85.9,172464,94.9,162075,97.2,52483,100,145995,69.6,145991,73.5,143014,78.7,134100,80.4,41766,98,73517,50.4,73508,52.3,70922,54.2,65.4,65.4,27643,72.2,12,12,12,12,12,4,4,12,4,4
"42071","Lancaster",161.638605898123,545724,29.3528552456839,29.6178284182306,22104.2,"Lancaster County",277.818190954774,15.2118264840183,3.79908675799087,30,18.530612244898,15,0.11190306122449,15,0.0510204081632653,0.255102040816327,94.7,395302,380813,74.7,390792,84.9,368937,88.3,126409,99.9,322709,59.1,321438,63,322700,70.1,304783,72.9,100162,99.8,148412,46.2,148385,47.7,144116,49.2,60.7,60.7,62708,68.4,8,8,8,8,8,4,4,8,4,4
"42073","Lawrence",25.305764075067,85512,29.3492695883134,29.5954423592493,22102.2,"Lawrence County",342.186896551724,15.1813698630137,3.85388127853881,35,22.3928571428571,15,0.1639,15,0.321428571428571,1.60714285714286,94.7,54207,54205,66.9,53486,71.8,51304,74.9,19377,99.9,45831,53.6,45829,56.6,44904,60.2,42820,62.5,15125,78.5,19544,42.6,19542,43.5,19214,44.9,54.6,54.6,9401,62.4,8,8,8,8,8,8,8,8,8,8
"42075","Lebanon",48.8461126005362,141793,34.1422310756972,34.4458445040214,25710,"Lebanon County",322.988172588832,17.7337899543379,3.78995433789954,30,18.6774193548387,15,0.112093548387097,15,0.032258064516129,0.161290322580645,94.7,91707,91704,68.7,89928,74.4,85159,77.7,30208,100,78740,55.5,78740,59,76561,63.4,72007,65.7,24382,86.5,33626,42.7,33623,43.9,32611,45.3,56.5,56.5,14934,64.2,12,12,12,12,12,4,4,12,4,4
"42077","Lehigh",119.427747989276,369318,32.0536520584329,32.3369973190349,24135.8,"Lehigh County",251.83693877551,14.5246118721461,3.74429223744292,30,19.6052631578947,15,0.133861842105263,15,0.0131578947368421,0.0657894736842105,94.7,328077,322213,92.8,323019,99.9,302761,100,90651,100,266467,72.2,266464,76.7,256924,81.5,239124,83.6,66438,100,121702,45.7,121697,47.4,117524,49.1,61,61,44116,69.9,12,12,12,12,12,4,4,12,4,4
"42079","Luzerne",98.1896782841823,317417,30.6646746347942,30.9360589812332,23090.4,"Luzerne County",301.40435,14.1071232876712,3.8310502283105,30,24.4326923076923,15,0.155597087378641,15,0.0865384615384615,0.432692307692308,94.7,236036,236028,78.5,232826,84.1,220009,86.4,70965,99.9,202030,63.6,202028,67.2,196269,70.9,184051,72.3,54320,84.9,95711,47.4,95710,48.8,93062,50.6,62.8,62.8,38607,71.1,12,12,12,12,12,4,4,12,4,4
"42081","Lycoming",38.0077747989276,113299,33.2458167330677,33.5495978552279,25034.6,"Lycoming County",381.595223880597,14.4981735159817,3.78995433789954,30,25.0344827586207,15,0.147072413793103,15,0.275862068965517,1.37931034482759,94.7,69081,67506,62.9,68671,69.9,65914,73.1,24933,99.9,58964,52,58962,55,57827,58.9,55231,61.3,20369,90.7,28745,48.8,28743,49.7,28320,51.3,62.3,62.3,13235,70.3,8,8,8,8,8,4,4,8,4,4
"42083","McKean",10.9184986595174,40625,26.6598937583001,26.8934316353887,20073.8,"McKean County",319.270787037037,21.3423744292237,3.84018264840183,35,28.3333333333333,15,0.164275,15,1,5,94.7,28125,28124,72.7,27807,78.3,26458,81.2,9077,99.9,19889,49,19888,51.4,19501,54.9,18487,56.8,5831,71.6,7697,38.7,7696,39.5,7542,40.8,51.5,51.5,3424,58.7,11,12,12,12,12,7,8,12,8,8
"42085","Mercer",31.1809651474531,109424,28.2382470119522,28.4939678284182,21265,"Mercer County",336.168390243902,15.9269406392694,3.7716894977169,35,23.1666666666667,15,0.157096666666667,15,0.5,2.5,94.7,71721,69771,67.1,71246,74,68560,77.5,27482,99.9,57876,52.9,57875,55.6,57197,59.4,55045,62.3,21122,86.8,26236,45.3,26233,46.3,25844,47.6,56.6,56.6,12936,63.9,12,12,12,12,12,4,4,12,4,4
"42087","Mifflin",16.4112600536193,46138,35.2516600265604,35.5714477211796,26544.3,"Mifflin County",363.420979381443,14.3469863013699,3.81278538812785,35,26,15,0.140158333333333,15,1,5,94.7,26585,25090,57.9,26413,67.1,25556,71.2,10388,99.9,23223,50.3,22875,52.8,23223,59,22481,62.6,9192,90.3,11326,49.5,11326,50.2,11194,51.5,62.3,62.3,5955,72.1,8,8,8,8,8,8,8,8,8,8
"42089","Monroe",49.3361930294906,170271,28.7269588313413,28.9760053619303,21633.2,"Monroe County",271.149095477387,16.2692237442922,3.78538812785388,35,20.6363636363636,15,0.115124242424242,15,0.303030303030303,1.51515151515152,94.7,118458,118455,73,116365,77.6,109618,79.9,32166,100,100606,59.1,100605,62,98143,65.4,91705,66.9,25787,85,41143,40.9,41140,41.9,39990,43.6,53.9,53.9,15803,63,8,8,8,8,8,4,4,8,4,4
"42091","Montgomery",202.901876675603,830915,24.2237715803453,24.4176943699732,18240.3,"Montgomery County",213.85665,9.29648401826484,3.84474885844749,30,16.4502369668246,15,0.0643947619047619,15,0,0,94.7,910363,910244,99.9,877522,100,816361,100,248305,99.9,627864,75.6,627782,79.9,592746,82.8,543060,83.2,141089,93.5,254974,40.6,254891,43,239330,44.1,52.9,52.9,83073,58.9,4,4,4,4,4,4,4,4,4,4
"42093","Montour",6.03310991957105,18230,32.80796812749,33.1083109919571,24701,"Montour County",319.493248730964,14.3014611872146,3.85844748858448,7,4.75,0,0.108775,7,0.25,1.25,94.7,16251,16251,94.6,15626,97.2,14690,99.9,4686,100,14251,78.2,14251,82.9,13654,86.7,12825,88.6,3945,100,7896,55.4,7895,57.8,7611,59.3,69,69,2989,76.6,8,8,8,8,8,4,4,8,4,4
"42095","Northampton",106.117560321716,305285,34.4638778220452,34.7608579088472,25950.8,"Northampton County",287.397908163265,14.0491780821918,3.78995433789954,30,17.5588235294118,15,0.0963485294117647,15,0.0147058823529412,0.0735294117647059,94.7,264473,260350,89.5,261597,97.8,246852,99.9,80928,99.9,206366,67.6,206365,71,200303,74.9,187232,76.4,54914,92.1,97689,47.3,97681,48.8,94523,50.5,61.3,61.3,37880,69.1,8,8,8,8,8,4,4,8,4,4
"42097","Northumberland",30.4966487935657,90843,33.2665338645418,33.569436997319,25055.3,"Northumberland County",354.518934010152,16.0874885844749,3.82648401826484,30,20.6666666666667,15,0.155470833333333,15,0.0416666666666667,0.208333333333333,94.7,61216,59049,68.6,60788,76.6,58381,79.9,21230,99.9,52153,57.4,52153,60.5,51478,64.9,49438,67.6,17575,88.7,25995,49.8,25995,50.8,25532,52.2,63.5,63.5,11783,71.9,12,12,12,12,12,8,8,12,8,8
"42099","Perry",11.8101876675603,46272,25.2942895086321,25.5227882037534,19043.9,"Perry County",331.502374429224,18.4269406392694,3.80365296803653,27,21.1,15,0.09595,7,0.8,4,94.7,29682,26615,61,29548,74.2,28479,78.2,11499,100,22448,48.5,22401,51.3,22446,56.4,21591,59.3,8087,91.8,9507,42.4,9505,43.2,9337,44.4,53,53,4405,60.8,3,4,4,4,4,3,4,4,4,4
"42101","Philadelphia",411.727613941019,1584064,25.7633466135458,25.9912868632708,19399.3,"Philadelphia County",179.877286432161,8.57767123287671,3.75799086757991,30,30,15,0.244520744680851,15,0,0,94.7,1496637,1495614,95,1437091,95,1343475,95.7,264082,99.9,1085601,68.5,1085234,73.2,1044578,77.6,977915,78.7,200984,90.7,319148,29.4,319053,30.5,310922,31.8,41.7,41.7,98177,48.8,16,16,16,16,16,4,4,16,4,4
"42103","Pike",13.4265415549598,55809,23.9187250996016,24.0627345844504,18007.8,"Pike County",273.551642512077,14.2715068493151,3.89954337899543,35,23.1666666666667,15,0.0974833333333333,15,1,5,94.7,40113,40108,74.8,39301,78.5,36969,80.2,13815,99.9,32045,57.4,32044,59.8,31355,62.6,29435,63.9,10005,76.3,12550,39.2,12550,40,12235,41.6,48.6,48.6,5549,55.5,4,4,4,4,4,4,4,4,4,4
"42105","Potter",4.23083109919571,16526,25.4462151394422,25.6223860589812,19151.6,"Potter County",356.764063926941,18.5369863013699,3.91324200913242,5,9.2,0,0.13798,7,1,5,94.7,6565,6565,41.8,6478,45,6202,47,2617,64.7,6157,37.3,6157,39.2,6037,41.9,5781,43.9,2330,57.6,2671,43.4,2671,44.2,2635,45.6,53.5,53.5,1407,60.4,6,6,7,7,7,6,6,7,7,7
"42107","Schuylkill",46.0400804289544,141359,32.2747675962815,32.562600536193,24304.8,"Schuylkill County",352.1424,17.5793607305936,3.8675799086758,35,22.075,15,0.128135,15,0.55,2.75,94.7,105098,100712,74.9,104433,84.4,99924,88,36747,100,84722,59.9,84720,63,82921,67,78829,69.4,27030,92.2,39672,46.8,39668,47.8,38927,49.4,59.9,59.9,17055,66.9,8,8,8,8,8,8,8,8,8,8
"42109","Snyder",10.838471849866,40372,26.6119521912351,26.8502680965147,20036.2,"Snyder County",338.563652968037,12.8812785388128,3.81278538812785,7,5.125,0,0.0924375,7,0.5,2.5,94.7,22504,21085,55.2,22317,63.5,21391,66.8,8123,99.9,17409,43.1,17409,45.6,17404,49.6,16605,51.9,6341,80.4,8941,51.4,8940,52.4,8716,53.7,63.8,63.8,4124,72,3,3,3,4,4,7,7,3,8,8
"42111","Somerset",25.0111260053619,73447,33.7428950863214,34.0532171581769,25406.1,"Somerset County",367.543980099503,11.2570776255708,3.8310502283105,35,22.9047619047619,15,0.131861904761905,15,0.80952380952381,4.04761904761905,94.7,41240,41074,58.6,41052,63,39746,65.8,16315,96.7,35269,48,35268,50.3,34785,53.4,33592,55.6,12760,75.6,17228,48.9,17227,49.5,17033,50.7,58.1,58.1,8017,63.8,7,8,8,8,8,7,8,8,8,8
"42113","Sullivan",1.39919571045576,6066,22.9268260292165,23.1445040214477,17260.1,"Sullivan County",268.77238317757,8.02296803652968,3.65753424657534,5,8.5,0,0.12665,7,1,5,94.7,4487,4444,75.4,4470,78.7,4391,80.9,2208,99.9,3232,53.3,3232,54.8,3191,56.2,3116,57.4,1431,81.3,1666,51.5,1665,52.2,1649,52.9,59,59,950,66.4,8,8,8,8,8,8,8,8,8,8
"42115","Susquehanna",10.3348525469169,40328,25.4405046480744,25.6336461126005,19152.9,"Susquehanna County",364.066650943396,18.4412328767123,3.87671232876712,27,22.5454545454545,15,0.1199,7,1,5,94.7,22207,22203,57.7,21719,61,20661,62.8,8240,84.1,18616,46.2,18616,48.4,18215,51.2,17316,52.6,6632,67.7,8808,47.3,8808,48.4,8648,49.9,57.7,57.7,4186,63.6,3,3,4,4,3,7,7,4,8,7
"42117","Tioga",10.6580428954424,40591,26.0915006640106,26.2758713136729,19644.7,"Tioga County",372.566210045662,15.563196347032,3.85388127853881,20,12.8,0,0.12967,15,1,5,94.7,20991,20989,54.6,20663,58.5,19684,60.5,8304,90.7,18652,46,18652,48.5,18218,51.6,17293,53.2,6825,74.5,8487,45.5,8486,46.6,8318,48.1,56.2,56.2,4323,63.3,7,7,8,8,8,7,7,8,8,8
"42119","Union",15.6351206434316,44923,34.4924302788845,34.8077747989276,25973.3,"Union County",325.118695652174,11.2091324200913,3.87214611872146,30,18.7,15,0.08202,15,0.3,1.5,94.7,30524,29496,68.9,30090,75.4,28717,77.6,9236,100,25647,57.1,25645,59.9,25274,63.3,24085,65.1,7669,91.9,13105,51.1,13105,52.6,12749,53.9,66.9,66.9,5164,74.9,8,8,8,8,8,8,8,8,8,8
"42121","Venango",15.045308310992,50668,29.4249667994688,29.6977211796247,22158,"Venango County",421.333878504673,16.9880365296804,3.82191780821918,27,16.0625,7,0.14155,15,1,5,94.7,26231,26230,54.3,25909,58.2,24816,60.5,9546,81.6,23013,45.4,23013,47.7,22590,50.8,21516,52.5,7890,67.4,10642,46.2,10641,47.1,10479,48.7,58.2,58.2,5154,65.3,7,7,8,8,7,7,7,8,8,7
"42123","Warren",9.78337801608579,39191,24.7681274900398,24.972654155496,18644.6,"Warren County",371.555844748858,20.4533333333333,3.88584474885845,20,13.7692307692308,0,0.123746153846154,15,1,5,94.7,23748,23629,63.7,23614,69,22658,71.6,9365,99.9,19209,49,19209,51.7,18813,55,17970,56.8,6894,74.8,8919,46.4,8919,47.4,8767,48.8,56.8,56.8,4273,62,3,4,4,4,4,7,8,4,8,8
"42125","Washington",67.8911528150134,206865,32.5419654714475,32.8206434316354,24501.5,"Washington County",354.194404145078,14.5427853881279,3.87214611872146,35,18.8474576271186,15,0.118301694915254,15,0.101694915254237,0.508474576271186,94.7,170965,165978,84.4,169073,93.5,161049,96.6,60352,100,131184,63.4,131183,66.7,126714,70.1,119698,71.8,39736,91.3,60333,46,60330,47.6,58826,49.1,58.9,58.9,25784,66.6,4,4,4,4,4,4,4,4,4,4
"42127","Wayne",13.4966487935657,51361,26.0572377158035,26.2802949061662,19625.8,"Wayne County",322.127047619048,13.7582648401826,3.89954337899543,35,23.0714285714286,15,0.110471428571429,15,1,5,94.7,38066,37417,75.9,37664,81.7,35838,83.4,13583,99.9,31026,60.4,31019,62.9,30551,66.3,29025,67.5,10301,81.6,14323,46.2,14323,47.3,13994,48.7,57.7,57.7,6211,63.9,8,8,8,8,8,8,8,8,8,8
"42129","Westmoreland",106.505495978552,348899,30.260823373174,30.5258713136729,22785.4,"Westmoreland County",331.970891089109,13.419497716895,3.83561643835616,30,19.15,15,0.118243,15,0.06,0.3,94.7,251264,246134,73.8,248851,80.6,237777,83.3,94868,100,200068,57.3,200055,60,195383,63.3,185500,65,67331,82.9,92092,46,92084,47.1,90013,48.5,57,57,41879,63.8,4,4,4,4,4,4,4,4,4,4
"42131","Wyoming",6.77024128686327,26794,25.064807436919,25.2789544235925,18873.6,"Wyoming County",329.171226415094,17.6023287671233,3.77625570776256,27,21.2857142857143,15,0.106271428571429,7,0.857142857142857,4.28571428571429,94.7,19441,19124,75.1,19281,82,18324,84.8,6934,99.9,15951,59.5,15951,62.6,15592,66.3,14718,68.2,5222,89.1,7505,47.1,7505,48.1,7330,49.8,60,60,3405,67.2,4,4,4,4,4,4,4,4,4,4
"42133","York",158.535388739946,449058,34.9864541832669,35.3042895442359,26346.3,"York County",323.534784946237,17.2207762557078,3.83561643835616,30,18.6888888888889,15,0.116902222222222,15,0.133333333333333,0.666666666666667,94.7,307787,302029,71.3,305361,79.3,288715,82.4,96190,100,263314,58.6,263309,62.2,255858,66.4,240364,68.6,76304,94.6,121146,46,121136,47.3,117745,49,60.3,60.3,49895,69.4,8,8,8,8,8,4,4,8,4,4
