"","dates","reportedValues","estimatedValues","estimatedValues_lowerBound","estimatedValues_upperBound"
"1",2020-03-15,4,4,NA,NA
"2",2020-03-16,5,5,NA,NA
"3",2020-03-17,7,7,NA,NA
"4",2020-03-18,9,9,NA,NA
"5",2020-03-19,13,13,NA,NA
"6",2020-03-20,17,17,NA,NA
"7",2020-03-21,24,24,NA,NA
"8",2020-03-22,32,32,NA,NA
"9",2020-03-23,43,43,NA,NA
"10",2020-03-24,58,58,NA,NA
"11",2020-03-25,78,78,NA,NA
"12",2020-03-26,107,107,NA,NA
"13",2020-03-27,143,143,NA,NA
"14",2020-03-28,185,185,NA,NA
"15",2020-03-29,236,236,NA,NA
"16",2020-03-30,294,294,NA,NA
"17",2020-03-31,359,359,NA,NA
"18",2020-04-01,432,432,NA,NA
"19",2020-04-02,507,507,NA,NA
"20",2020-04-03,591,591,NA,NA
"21",2020-04-04,691,691,NA,NA
"22",2020-04-05,798,798,NA,NA
"23",2020-04-06,910,910,NA,NA
"24",2020-04-07,1030,1030,NA,NA
"25",2020-04-08,1140,1140,NA,NA
"26",2020-04-09,1270,1270,NA,NA
"27",2020-04-10,1380,1380,NA,NA
"28",2020-04-11,1480,1480,NA,NA
"29",2020-04-12,1550,1550,NA,NA
"30",2020-04-13,1600,1600,NA,NA
"31",2020-04-14,1620,1620,NA,NA
"32",2020-04-15,1620,1620,NA,NA
"33",2020-04-16,1580,1580,NA,NA
"34",2020-04-17,1540,1540,NA,NA
"35",2020-04-18,1490,1490,NA,NA
"36",2020-04-19,1450,1450,NA,NA
"37",2020-04-20,1410,1410,NA,NA
"38",2020-04-21,1380,1380,NA,NA
"39",2020-04-22,1360,1360,NA,NA
"40",2020-04-23,1380,1380,NA,NA
"41",2020-04-24,1390,1390,NA,NA
"42",2020-04-25,1390,1390,NA,NA
"43",2020-04-26,1390,1390,NA,NA
"44",2020-04-27,1400,1400,NA,NA
"45",2020-04-28,1420,1420,NA,NA
"46",2020-04-29,1430,1430,NA,NA
"47",2020-04-30,1410,1410,NA,NA
"48",2020-05-01,1410,1410,NA,NA
"49",2020-05-02,1400,1400,NA,NA
"50",2020-05-03,1390,1390,NA,NA
"51",2020-05-04,1380,1380,NA,NA
"52",2020-05-05,1350,1350,NA,NA
"53",2020-05-06,1320,1320,NA,NA
"54",2020-05-07,1280,1280,NA,NA
"55",2020-05-08,1240,1240,NA,NA
"56",2020-05-09,1200,1200,NA,NA
"57",2020-05-10,1170,1170,NA,NA
"58",2020-05-11,1140,1140,NA,NA
"59",2020-05-12,1110,1110,NA,NA
"60",2020-05-13,1080,1080,NA,NA
"61",2020-05-14,1060,1060,NA,NA
"62",2020-05-15,1040,1040,NA,NA
"63",2020-05-16,1020,1020,NA,NA
"64",2020-05-17,980,980,NA,NA
"65",2020-05-18,951,951,NA,NA
"66",2020-05-19,920,920,NA,NA
"67",2020-05-20,892,892,NA,NA
"68",2020-05-21,870,870,NA,NA
"69",2020-05-22,855,855,NA,NA
"70",2020-05-23,834,834,NA,NA
"71",2020-05-24,827,827,NA,NA
"72",2020-05-25,811,811,NA,NA
"73",2020-05-26,799,799,NA,NA
"74",2020-05-27,784,784,NA,NA
"75",2020-05-28,763,763,NA,NA
"76",2020-05-29,737,737,NA,NA
"77",2020-05-30,718,718,NA,NA
"78",2020-05-31,695,695,NA,NA
"79",2020-06-01,673,673,NA,NA
"80",2020-06-02,654,654,NA,NA
"81",2020-06-03,634,634,NA,NA
"82",2020-06-04,616,616,NA,NA
"83",2020-06-05,599,599,NA,NA
"84",2020-06-06,583,583,NA,NA
"85",2020-06-07,568,568,NA,NA
"86",2020-06-08,556,556,NA,NA
"87",2020-06-09,541,541,NA,NA
"88",2020-06-10,527,527,NA,NA
"89",2020-06-11,516,516,NA,NA
"90",2020-06-12,514,514,NA,NA
"91",2020-06-13,505,505,NA,NA
"92",2020-06-14,496,496,NA,NA
"93",2020-06-15,489,489,NA,NA
"94",2020-06-16,478,478,NA,NA
"95",2020-06-17,469,469,NA,NA
"96",2020-06-18,457,457,NA,NA
"97",2020-06-19,439,439,NA,NA
"98",2020-06-20,428,428,NA,NA
"99",2020-06-21,422,422,NA,NA
"100",2020-06-22,418,418,NA,NA
"101",2020-06-23,423,423,NA,NA
"102",2020-06-24,432,432,NA,NA
"103",2020-06-25,446,446,NA,NA
"104",2020-06-26,464,464,NA,NA
"105",2020-06-27,485,485,NA,NA
"106",2020-06-28,503,503,NA,NA
"107",2020-06-29,521,521,NA,NA
"108",2020-06-30,534,534,NA,NA
"109",2020-07-01,547,547,NA,NA
"110",2020-07-02,563,563,NA,NA
"111",2020-07-03,580,580,NA,NA
"112",2020-07-04,595,595,NA,NA
"113",2020-07-05,611,611,NA,NA
"114",2020-07-06,624,624,NA,NA
"115",2020-07-07,641,641,NA,NA
"116",2020-07-08,660,660,NA,NA
"117",2020-07-09,673,673,NA,NA
"118",2020-07-10,686,686,NA,NA
"119",2020-07-11,701,701,NA,NA
"120",2020-07-12,716,716,NA,NA
"121",2020-07-13,730,730,NA,NA
"122",2020-07-14,742,742,NA,NA
"123",2020-07-15,751,751,NA,NA
"124",2020-07-16,763,763,NA,NA
"125",2020-07-17,774,774,NA,NA
"126",2020-07-18,781,781,NA,NA
"127",2020-07-19,789,789,NA,NA
"128",2020-07-20,805,805,NA,NA
"129",2020-07-21,822,822,NA,NA
"130",2020-07-22,832,832,NA,NA
"131",2020-07-23,843,843,NA,NA
"132",2020-07-24,854,854,NA,NA
"133",2020-07-25,872,872,NA,NA
"134",2020-07-26,889,889,NA,NA
"135",2020-07-27,900,900,NA,NA
"136",2020-07-28,909,909,NA,NA
"137",2020-07-29,923,923,NA,NA
"138",2020-07-30,935,935,NA,NA
"139",2020-07-31,941,941,NA,NA
"140",2020-08-01,936,936,NA,NA
"141",2020-08-02,927,927,NA,NA
"142",2020-08-03,914,914,NA,NA
"143",2020-08-04,894,894,NA,NA
"144",2020-08-05,872,872,NA,NA
"145",2020-08-06,849,849,NA,NA
"146",2020-08-07,824,824,NA,NA
"147",2020-08-08,802,802,NA,NA
"148",2020-08-09,785,785,NA,NA
"149",2020-08-10,774,774,NA,NA
"150",2020-08-11,767,767,NA,NA
"151",2020-08-12,765,765,NA,NA
"152",2020-08-13,769,769,NA,NA
"153",2020-08-14,780,780,NA,NA
"154",2020-08-15,793,793,NA,NA
"155",2020-08-16,801,801,NA,NA
"156",2020-08-17,805,805,NA,NA
"157",2020-08-18,806,806,NA,NA
"158",2020-08-19,798,798,NA,NA
"159",2020-08-20,781,781,NA,NA
"160",2020-08-21,759,759,NA,NA
"161",2020-08-22,736,736,NA,NA
"162",2020-08-23,714,714,NA,NA
"163",2020-08-24,694,694,NA,NA
"164",2020-08-25,677,677,NA,NA
"165",2020-08-26,663,663,NA,NA
"166",2020-08-27,652,652,NA,NA
"167",2020-08-28,645,645,NA,NA
"168",2020-08-29,640,640,NA,NA
"169",2020-08-30,638,638,NA,NA
"170",2020-08-31,639,639,NA,NA
"171",2020-09-01,646,646,NA,NA
"172",2020-09-02,663,663,NA,NA
"173",2020-09-03,692,692,NA,NA
"174",2020-09-04,720,720,NA,NA
"175",2020-09-05,750,750,NA,NA
"176",2020-09-06,777,777,NA,NA
"177",2020-09-07,804,804,NA,NA
"178",2020-09-08,819,819,NA,NA
"179",2020-09-09,827,827,NA,NA
"180",2020-09-10,817,817,NA,NA
"181",2020-09-11,808,808,NA,NA
"182",2020-09-12,796,796,NA,NA
"183",2020-09-13,784,784,NA,NA
"184",2020-09-14,773,773,NA,NA
"185",2020-09-15,782,782,NA,NA
"186",2020-09-16,783,783,NA,NA
"187",2020-09-17,802,802,NA,NA
"188",2020-09-18,814,814,NA,NA
"189",2020-09-19,825,825,NA,NA
"190",2020-09-20,837,837,NA,NA
"191",2020-09-21,844,844,NA,NA
"192",2020-09-22,835,835,NA,NA
"193",2020-09-23,830,830,NA,NA
"194",2020-09-24,819,819,NA,NA
"195",2020-09-25,815,815,NA,NA
"196",2020-09-26,813,813,NA,NA
"197",2020-09-27,815,815,NA,NA
"198",2020-09-28,821,821,NA,NA
"199",2020-09-29,843,843,NA,NA
"200",2020-09-30,867,867,NA,NA
"201",2020-10-01,893,893,NA,NA
"202",2020-10-02,919,919,NA,NA
"203",2020-10-03,949,949,NA,NA
"204",2020-10-04,977,977,NA,NA
"205",2020-10-05,1000,1000,NA,NA
"206",2020-10-06,1010,1010,NA,NA
"207",2020-10-07,1030,1030,NA,NA
"208",2020-10-08,1050,1050,NA,NA
"209",2020-10-09,1070,1070,NA,NA
"210",2020-10-10,1090,1090,NA,NA
"211",2020-10-11,1120,1120,NA,NA
"212",2020-10-12,1160,1160,NA,NA
"213",2020-10-13,1200,1200,NA,NA
"214",2020-10-14,1240,1240,NA,NA
"215",2020-10-15,1280,1280,NA,NA
"216",2020-10-16,1320,1320,NA,NA
"217",2020-10-17,1350,1350,NA,NA
"218",2020-10-18,1370,1370,NA,NA
"219",2020-10-19,1400,1400,NA,NA
"220",2020-10-20,1420,1420,NA,NA
"221",2020-10-21,1450,1450,NA,NA
"222",2020-10-22,1480,1480,NA,NA
"223",2020-10-23,1520,1520,NA,NA
"224",2020-10-24,1560,1560,NA,NA
"225",2020-10-25,1610,1610,NA,NA
"226",2020-10-26,1660,1660,NA,NA
"227",2020-10-27,1730,1730,NA,NA
"228",2020-10-28,1800,1800,NA,NA
"229",2020-10-29,1880,1880,NA,NA
"230",2020-10-30,1950,1950,NA,NA
"231",2020-10-31,2020,2020,NA,NA
"232",2020-11-01,2090,2090,NA,NA
"233",2020-11-02,2160,2160,NA,NA
"234",2020-11-03,2220,2220,NA,NA
"235",2020-11-04,2280,2280,NA,NA
"236",2020-11-05,2340,2340,NA,NA
"237",2020-11-06,2420,2420,NA,NA
"238",2020-11-07,2520,2520,NA,NA
"239",2020-11-08,2630,2630,NA,NA
"240",2020-11-09,2760,2760,NA,NA
"241",2020-11-10,2910,2910,NA,NA
"242",2020-11-11,3090,3090,NA,NA
"243",2020-11-12,3320,3320,NA,NA
"244",2020-11-13,3560,3560,NA,NA
"245",2020-11-14,3820,3820,NA,NA
"246",2020-11-15,4090,4090,NA,NA
"247",2020-11-16,4370,4370,NA,NA
"248",2020-11-17,4650,4650,NA,NA
"249",2020-11-18,4920,4920,NA,NA
"250",2020-11-19,5160,5160,NA,NA
"251",2020-11-20,5390,5390,NA,NA
"252",2020-11-21,5610,5610,NA,NA
"253",2020-11-22,5820,5820,NA,NA
"254",2020-11-23,6010,6010,NA,NA
"255",2020-11-24,6170,6170,NA,NA
"256",2020-11-25,6320,6320,NA,NA
"257",2020-11-26,6460,6460,NA,NA
"258",2020-11-27,6590,6590,NA,NA
"259",2020-11-28,6700,6700,NA,NA
"260",2020-11-29,6760,6760,NA,NA
"261",2020-11-30,6790,6790,NA,NA
"262",2020-12-01,6810,6810,NA,NA
"263",2020-12-02,6850,6850,NA,NA
"264",2020-12-03,6900,6900,NA,NA
"265",2020-12-04,7060,7060,NA,NA
"266",2020-12-05,7290,7290,NA,NA
"267",2020-12-06,7610,7610,NA,NA
"268",2020-12-07,8000,8000,NA,NA
"269",2020-12-08,8480,8480,NA,NA
"270",2020-12-09,8910,8910,NA,NA
"271",2020-12-10,9320,9320,NA,NA
"272",2020-12-11,9640,9640,NA,NA
"273",2020-12-12,9830,9830,NA,NA
"274",2020-12-13,10000,10000,NA,NA
"275",2020-12-14,10100,10100,NA,NA
"276",2020-12-15,10200,10200,NA,NA
"277",2020-12-16,10300,10300,NA,NA
"278",2020-12-17,10300,10300,NA,NA
"279",2020-12-18,10200,10200,NA,NA
"280",2020-12-19,10200,10200,NA,NA
"281",2020-12-20,10000,10000,NA,NA
"282",2020-12-21,9850,9850,NA,NA
"283",2020-12-22,9640,9640,NA,NA
"284",2020-12-23,9380,9380,NA,NA
"285",2020-12-24,9160,9160,NA,NA
"286",2020-12-25,8960,8960,NA,NA
"287",2020-12-26,8710,8710,NA,NA
"288",2020-12-27,8510,8510,NA,NA
"289",2020-12-28,8230,8230,NA,NA
"290",2020-12-29,8000,8000,NA,NA
"291",2020-12-30,7770,7770,NA,NA
"292",2020-12-31,7550,7550,NA,NA
"293",2021-01-01,7400,7400,NA,NA
"294",2021-01-02,7330,7330,NA,NA
"295",2021-01-03,7280,7280,NA,NA
"296",2021-01-04,7320,7320,NA,NA
"297",2021-01-05,7330,7330,NA,NA
"298",2021-01-06,7360,7360,NA,NA
"299",2021-01-07,7420,7420,NA,NA
"300",2021-01-08,7500,7500,NA,NA
"301",2021-01-09,7590,7590,NA,NA
"302",2021-01-10,7740,7740,NA,NA
"303",2021-01-11,7930,7930,NA,NA
"304",2021-01-12,8100,8100,NA,NA
"305",2021-01-13,8220,8220,NA,NA
"306",2021-01-14,8270,8270,NA,NA
"307",2021-01-15,8190,8190,NA,NA
"308",2021-01-16,8020,8020,NA,NA
"309",2021-01-17,7770,7770,NA,NA
"310",2021-01-18,7460,7460,NA,NA
"311",2021-01-19,7130,7130,NA,NA
"312",2021-01-20,6790,6790,NA,NA
"313",2021-01-21,6490,6490,NA,NA
"314",2021-01-22,6240,6240,NA,NA
"315",2021-01-23,6030,6030,NA,NA
"316",2021-01-24,5810,5810,NA,NA
"317",2021-01-25,5610,5610,NA,NA
"318",2021-01-26,5440,5440,NA,NA
"319",2021-01-27,5320,5320,NA,NA
"320",2021-01-28,5240,5240,NA,NA
"321",2021-01-29,5250,5250,NA,NA
"322",2021-01-30,5270,5270,NA,NA
"323",2021-01-31,5340,5340,NA,NA
"324",2021-02-01,5400,5400,NA,NA
"325",2021-02-02,5440,5440,NA,NA
"326",2021-02-03,5430,5430,NA,NA
"327",2021-02-04,5330,5330,NA,NA
"328",2021-02-05,5100,5100,NA,NA
"329",2021-02-06,4840,4840,NA,NA
"330",2021-02-07,4600,4600,NA,NA
"331",2021-02-08,4340,4340,NA,NA
"332",2021-02-09,4120,4120,NA,NA
"333",2021-02-10,3950,3950,NA,NA
"334",2021-02-11,3870,3870,NA,NA
"335",2021-02-12,3830,3830,NA,NA
"336",2021-02-13,3800,3800,NA,NA
"337",2021-02-14,3740,3740,NA,NA
"338",2021-02-15,3680,3680,NA,NA
"339",2021-02-16,3560,3560,NA,NA
"340",2021-02-17,3460,3460,NA,NA
"341",2021-02-18,3320,3320,NA,NA
"342",2021-02-19,3200,3200,NA,NA
"343",2021-02-20,3070,3070,NA,NA
"344",2021-02-21,2960,2960,NA,NA
"345",2021-02-22,2860,2860,NA,NA
"346",2021-02-23,2810,2810,NA,NA
"347",2021-02-24,2740,2740,NA,NA
"348",2021-02-25,2660,2660,NA,NA
"349",2021-02-26,2610,2610,NA,NA
"350",2021-02-27,2590,2590,NA,NA
"351",2021-02-28,2590,2590,NA,NA
"352",2021-03-01,2590,2590,NA,NA
"353",2021-03-02,2580,2580,NA,NA
"354",2021-03-03,2580,2580,NA,NA
"355",2021-03-04,2620,2620,NA,NA
"356",2021-03-05,2630,2630,NA,NA
"357",2021-03-06,2610,2610,NA,NA
"358",2021-03-07,2590,2590,NA,NA
"359",2021-03-08,2560,2560,NA,NA
"360",2021-03-09,2540,2540,NA,NA
"361",2021-03-10,2530,2530,NA,NA
"362",2021-03-11,2490,2490,NA,NA
"363",2021-03-12,2480,2480,NA,NA
"364",2021-03-13,2480,2480,NA,NA
"365",2021-03-14,2490,2490,NA,NA
"366",2021-03-15,2510,2510,NA,NA
"367",2021-03-16,2520,2520,NA,NA
"368",2021-03-17,2540,2540,NA,NA
"369",2021-03-18,2580,2580,NA,NA
"370",2021-03-19,2620,2620,NA,NA
"371",2021-03-20,2680,2680,NA,NA
"372",2021-03-21,2750,2750,NA,NA
"373",2021-03-22,2820,2820,NA,NA
"374",2021-03-23,2900,2900,NA,NA
"375",2021-03-24,2990,2990,NA,NA
"376",2021-03-25,3090,3090,NA,NA
"377",2021-03-26,3220,3220,NA,NA
"378",2021-03-27,3310,3310,NA,NA
"379",2021-03-28,3420,3420,NA,NA
"380",2021-03-29,3540,3540,NA,NA
"381",2021-03-30,3700,3700,NA,NA
"382",2021-03-31,3810,3810,NA,NA
"383",2021-04-01,3920,3920,NA,NA
"384",2021-04-02,3990,3990,NA,NA
"385",2021-04-03,4090,4090,NA,NA
"386",2021-04-04,4180,4180,NA,NA
"387",2021-04-05,4240,4240,NA,NA
"388",2021-04-06,4250,4250,NA,NA
"389",2021-04-07,4280,4280,NA,NA
"390",2021-04-08,4310,4310,NA,NA
"391",2021-04-09,4350,4350,NA,NA
"392",2021-04-10,4340,4340,NA,NA
"393",2021-04-11,4340,4340,NA,NA
"394",2021-04-12,4350,4350,NA,NA
"395",2021-04-13,4400,4400,NA,NA
"396",2021-04-14,4480,4480,NA,NA
"397",2021-04-15,4560,4560,NA,NA
"398",2021-04-16,4640,4640,NA,NA
"399",2021-04-17,4740,4740,NA,NA
"400",2021-04-18,4820,4820,NA,NA
"401",2021-04-19,4890,4890,NA,NA
"402",2021-04-20,4880,4880,NA,NA
"403",2021-04-21,4820,4820,NA,NA
"404",2021-04-22,4740,4740,NA,NA
"405",2021-04-23,4610,4610,NA,NA
"406",2021-04-24,4460,4460,NA,NA
"407",2021-04-25,4310,4310,NA,NA
"408",2021-04-26,4170,4170,NA,NA
"409",2021-04-27,4040,4040,NA,NA
"410",2021-04-28,3920,3920,NA,NA
"411",2021-04-29,3800,3800,NA,NA
"412",2021-04-30,3710,3710,NA,NA
"413",2021-05-01,3620,3620,NA,NA
"414",2021-05-02,3530,3530,NA,NA
"415",2021-05-03,3440,3440,NA,NA
"416",2021-05-04,3360,3360,NA,NA
"417",2021-05-05,3290,3290,NA,NA
"418",2021-05-06,3220,3220,NA,NA
"419",2021-05-07,3110,3110,NA,NA
"420",2021-05-08,3000,3000,NA,NA
"421",2021-05-09,2890,2890,NA,NA
"422",2021-05-10,2760,2760,NA,NA
"423",2021-05-11,2630,2630,NA,NA
"424",2021-05-12,2500,2500,NA,NA
"425",2021-05-13,2390,2390,NA,NA
"426",2021-05-14,2290,2290,NA,NA
"427",2021-05-15,2180,2180,NA,NA
"428",2021-05-16,2090,2090,NA,NA
"429",2021-05-17,2010,2010,NA,NA
"430",2021-05-18,1930,1930,NA,NA
"431",2021-05-19,1850,1850,NA,NA
"432",2021-05-20,1750,1750,NA,NA
"433",2021-05-21,1690,1690,NA,NA
"434",2021-05-22,1630,1630,NA,NA
"435",2021-05-23,1560,1560,NA,NA
"436",2021-05-24,1500,1500,NA,NA
"437",2021-05-25,1440,1440,NA,NA
"438",2021-05-26,1390,1390,NA,NA
"439",2021-05-27,1350,1350,NA,NA
"440",2021-05-28,1290,1290,NA,NA
"441",2021-05-29,1220,1220,NA,NA
"442",2021-05-30,1160,1160,NA,NA
"443",2021-05-31,1080,1080,NA,NA
"444",2021-06-01,1010,1010,NA,NA
"445",2021-06-02,939,939,NA,NA
"446",2021-06-03,865,865,NA,NA
"447",2021-06-04,806,806,NA,NA
"448",2021-06-05,754,754,NA,NA
"449",2021-06-06,709,709,NA,NA
"450",2021-06-07,665,665,NA,NA
"451",2021-06-08,639,639,NA,NA
"452",2021-06-09,612,612,NA,NA
"453",2021-06-10,593,593,NA,NA
"454",2021-06-11,572,572,NA,NA
"455",2021-06-12,548,548,NA,NA
"456",2021-06-13,522,522,NA,NA
"457",2021-06-14,499,499,NA,NA
"458",2021-06-15,469,469,NA,NA
"459",2021-06-16,442,442,NA,NA
"460",2021-06-17,411,411,NA,NA
"461",2021-06-18,384,384,NA,NA
"462",2021-06-19,360,360,NA,NA
"463",2021-06-20,340,340,NA,NA
"464",2021-06-21,319,319,NA,NA
"465",2021-06-22,297,297,NA,NA
"466",2021-06-23,279,279,NA,NA
"467",2021-06-24,263,263,NA,NA
"468",2021-06-25,249,249,NA,NA
"469",2021-06-26,237,237,NA,NA
"470",2021-06-27,226,226,NA,NA
"471",2021-06-28,215,215,NA,NA
"472",2021-06-29,208,208,NA,NA
"473",2021-06-30,200,200,NA,NA
"474",2021-07-01,193,193,NA,NA
"475",2021-07-02,188,188,NA,NA
"476",2021-07-03,184,184,NA,NA
"477",2021-07-04,181,181,NA,NA
"478",2021-07-05,179,179,NA,NA
"479",2021-07-06,176,176,NA,NA
"480",2021-07-07,174,174,NA,NA
"481",2021-07-08,174,174,NA,NA
"482",2021-07-09,177,177,NA,NA
"483",2021-07-10,180,180,NA,NA
"484",2021-07-11,183,183,NA,NA
"485",2021-07-12,187,187,NA,NA
"486",2021-07-13,197,197,NA,NA
"487",2021-07-14,209,209,NA,NA
"488",2021-07-15,224,224,NA,NA
"489",2021-07-16,241,241,NA,NA
"490",2021-07-17,260,260,NA,NA
"491",2021-07-18,282,282,NA,NA
"492",2021-07-19,305,305,NA,NA
"493",2021-07-20,329,329,NA,NA
"494",2021-07-21,355,355,NA,NA
"495",2021-07-22,381,381,NA,NA
"496",2021-07-23,407,407,NA,NA
"497",2021-07-24,434,434,NA,NA
"498",2021-07-25,464,464,NA,NA
"499",2021-07-26,496,496,NA,NA
"500",2021-07-27,531,531,NA,NA
"501",2021-07-28,567,567,NA,NA
"502",2021-07-29,610,610,NA,NA
"503",2021-07-30,656,656,NA,NA
"504",2021-07-31,709,709,NA,NA
"505",2021-08-01,764,764,NA,NA
"506",2021-08-02,825,825,NA,NA
"507",2021-08-03,887,887,NA,NA
"508",2021-08-04,956,956,NA,NA
"509",2021-08-05,1030,1030,NA,NA
"510",2021-08-06,1110,1110,NA,NA
"511",2021-08-07,1190,1190,NA,NA
"512",2021-08-08,1270,1270,NA,NA
"513",2021-08-09,1340,1340,NA,NA
"514",2021-08-10,1420,1420,NA,NA
"515",2021-08-11,1490,1490,NA,NA
"516",2021-08-12,1560,1560,NA,NA
"517",2021-08-13,1610,1610,NA,NA
"518",2021-08-14,1670,1670,NA,NA
"519",2021-08-15,1740,1740,NA,NA
"520",2021-08-16,1810,1810,NA,NA
"521",2021-08-17,1880,1880,NA,NA
"522",2021-08-18,1950,1950,NA,NA
"523",2021-08-19,2040,2040,NA,NA
"524",2021-08-20,2130,2130,NA,NA
"525",2021-08-21,2220,2220,NA,NA
"526",2021-08-22,2290,2290,NA,NA
"527",2021-08-23,2370,2370,NA,NA
"528",2021-08-24,2450,2450,NA,NA
"529",2021-08-25,2560,2560,NA,NA
"530",2021-08-26,2610,2610,NA,NA
"531",2021-08-27,2690,2690,NA,NA
"532",2021-08-28,2780,2780,NA,NA
"533",2021-08-29,2870,2870,NA,NA
"534",2021-08-30,2970,2970,NA,NA
"535",2021-08-31,3070,3070,NA,NA
"536",2021-09-01,3150,3150,NA,NA
"537",2021-09-02,3250,3250,NA,NA
"538",2021-09-03,3320,3320,NA,NA
"539",2021-09-04,3380,3380,NA,NA
"540",2021-09-05,3450,3450,NA,NA
"541",2021-09-06,3510,3510,NA,NA
"542",2021-09-07,3520,3520,NA,NA
"543",2021-09-08,3560,3560,NA,NA
"544",2021-09-09,3600,3600,NA,NA
"545",2021-09-10,3650,3650,NA,NA
"546",2021-09-11,3710,3710,NA,NA
"547",2021-09-12,3770,3770,NA,NA
"548",2021-09-13,3840,3840,NA,NA
"549",2021-09-14,3990,3990,NA,NA
"550",2021-09-15,4100,4100,NA,NA
"551",2021-09-16,4230,4230,NA,NA
"552",2021-09-17,4350,4350,NA,NA
"553",2021-09-18,4460,4460,NA,NA
"554",2021-09-19,4560,4560,NA,NA
"555",2021-09-20,4640,4640,NA,NA
"556",2021-09-21,4670,4670,NA,NA
"557",2021-09-22,4740,4740,NA,NA
"558",2021-09-23,4750,4750,NA,NA
"559",2021-09-24,4740,4740,NA,NA
"560",2021-09-25,4740,4740,NA,NA
"561",2021-09-26,4710,4710,NA,NA
"562",2021-09-27,4700,4700,NA,NA
"563",2021-09-28,4700,4700,NA,NA
"564",2021-09-29,4700,4700,NA,NA
"565",2021-09-30,4690,4690,NA,NA
"566",2021-10-01,4710,4710,NA,NA
"567",2021-10-02,4690,4690,NA,NA
"568",2021-10-03,4720,4720,NA,NA
"569",2021-10-04,4750,4750,NA,NA
"570",2021-10-05,4770,4770,NA,NA
"571",2021-10-06,4780,4780,NA,NA
"572",2021-10-07,4820,4820,NA,NA
"573",2021-10-08,4870,4870,NA,NA
"574",2021-10-09,4960,4960,NA,NA
"575",2021-10-10,4990,4990,NA,NA
"576",2021-10-11,4980,4980,NA,NA
"577",2021-10-12,4970,4970,NA,NA
"578",2021-10-13,4960,4960,NA,NA
"579",2021-10-14,4910,4910,NA,NA
"580",2021-10-15,4850,4850,NA,NA
"581",2021-10-16,4760,4760,NA,NA
"582",2021-10-17,4690,4690,NA,NA
"583",2021-10-18,4640,4640,NA,NA
"584",2021-10-19,4590,4590,NA,NA
"585",2021-10-20,4530,4530,NA,NA
"586",2021-10-21,4460,4460,NA,NA
"587",2021-10-22,4380,4380,NA,NA
"588",2021-10-23,4320,4320,NA,NA
"589",2021-10-24,4250,4250,NA,NA
"590",2021-10-25,4170,4170,NA,NA
"591",2021-10-26,4100,4100,NA,NA
"592",2021-10-27,4040,4040,NA,NA
"593",2021-10-28,4010,4010,NA,NA
"594",2021-10-29,3990,3990,NA,NA
"595",2021-10-30,3960,3960,NA,NA
"596",2021-10-31,3940,3940,NA,NA
"597",2021-11-01,3940,3940,NA,NA
"598",2021-11-02,3930,3930,NA,NA
"599",2021-11-03,3920,3920,NA,NA
"600",2021-11-04,3910,3910,NA,NA
"601",2021-11-05,3920,3920,NA,NA
"602",2021-11-06,3950,3950,NA,NA
"603",2021-11-07,3990,3990,NA,NA
"604",2021-11-08,4050,4050,NA,NA
"605",2021-11-09,4110,4110,NA,NA
"606",2021-11-10,4200,4200,NA,NA
"607",2021-11-11,4300,4300,NA,NA
"608",2021-11-12,4400,4400,NA,NA
"609",2021-11-13,4510,4510,NA,NA
"610",2021-11-14,4620,4620,NA,NA
"611",2021-11-15,4710,4710,NA,NA
"612",2021-11-16,4840,4840,NA,NA
"613",2021-11-17,4950,4950,NA,NA
"614",2021-11-18,5080,5080,NA,NA
"615",2021-11-19,5200,5200,NA,NA
"616",2021-11-20,5330,5330,NA,NA
"617",2021-11-21,5450,5450,NA,NA
"618",2021-11-22,5630,5630,NA,NA
"619",2021-11-23,5760,5760,NA,NA
"620",2021-11-24,5910,5910,NA,NA
"621",2021-11-25,6020,6020,NA,NA
"622",2021-11-26,6080,6080,NA,NA
"623",2021-11-27,6100,6100,NA,NA
"624",2021-11-28,6070,6070,NA,NA
"625",2021-11-29,5990,5990,NA,NA
"626",2021-11-30,5930,5930,NA,NA
"627",2021-12-01,5840,5840,NA,NA
"628",2021-12-02,5830,5830,NA,NA
"629",2021-12-03,5930,5930,NA,NA
"630",2021-12-04,6140,6140,NA,NA
"631",2021-12-05,6410,6410,NA,NA
"632",2021-12-06,6670,6670,NA,NA
"633",2021-12-07,6960,6960,NA,NA
"634",2021-12-08,7270,7270,NA,NA
"635",2021-12-09,7470,7470,NA,NA
"636",2021-12-10,7620,7620,NA,NA
"637",2021-12-11,7720,7720,NA,NA
"638",2021-12-12,7830,7830,NA,NA
"639",2021-12-13,8000,8000,NA,NA
"640",2021-12-14,8110,8110,NA,NA
"641",2021-12-15,8160,8160,NA,NA
"642",2021-12-16,8280,8280,NA,NA
"643",2021-12-17,8310,8310,NA,NA
"644",2021-12-18,8260,8260,NA,NA
"645",2021-12-19,8140,8140,NA,NA
"646",2021-12-20,7960,7960,NA,NA
"647",2021-12-21,7840,7840,NA,NA
"648",2021-12-22,7800,7800,NA,NA
"649",2021-12-23,7800,7800,NA,NA
"650",2021-12-24,7950,7950,NA,NA
"651",2021-12-25,8180,8180,NA,NA
"652",2021-12-26,8420,8420,NA,NA
"653",2021-12-27,8820,8820,NA,NA
"654",2021-12-28,9260,9260,NA,NA
"655",2021-12-29,9800,9800,NA,NA
"656",2021-12-30,10400,10400,NA,NA
"657",2021-12-31,11200,11200,NA,NA
"658",2022-01-01,12100,12100,NA,NA
"659",2022-01-02,13300,13300,NA,NA
"660",2022-01-03,14600,14600,NA,NA
"661",2022-01-04,16000,16000,NA,NA
"662",2022-01-05,17500,17500,NA,NA
"663",2022-01-06,19000,19000,NA,NA
"664",2022-01-07,20500,20500,NA,NA
"665",2022-01-08,21900,21900,NA,NA
"666",2022-01-09,23200,23200,NA,NA
"667",2022-01-10,24400,24400,NA,NA
"668",2022-01-11,25500,25500,NA,NA
"669",2022-01-12,26500,26500,NA,NA
"670",2022-01-13,27100,27100,NA,NA
"671",2022-01-14,27700,27700,NA,NA
"672",2022-01-15,27800,27800,NA,NA
"673",2022-01-16,27900,27900,NA,NA
"674",2022-01-17,27600,27600,NA,NA
"675",2022-01-18,27000,27000,NA,NA
"676",2022-01-19,26100,26100,NA,NA
"677",2022-01-20,25000,25000,NA,NA
"678",2022-01-21,23900,23900,NA,NA
"679",2022-01-22,22800,22800,NA,NA
"680",2022-01-23,21200,21200,NA,NA
"681",2022-01-24,19800,19800,NA,NA
"682",2022-01-25,18400,18400,NA,NA
"683",2022-01-26,17200,17200,NA,NA
"684",2022-01-27,16200,16200,NA,NA
"685",2022-01-28,15300,15300,NA,NA
"686",2022-01-29,14400,14400,NA,NA
"687",2022-01-30,13800,13800,NA,NA
"688",2022-01-31,13200,13200,NA,NA
"689",2022-02-01,12600,12600,NA,NA
"690",2022-02-02,12000,12000,NA,NA
"691",2022-02-03,11200,11200,NA,NA
"692",2022-02-04,10300,10300,NA,NA
"693",2022-02-05,9510,9510,NA,NA
"694",2022-02-06,8680,8680,NA,NA
"695",2022-02-07,8000,8000,NA,NA
"696",2022-02-08,7320,7320,NA,NA
"697",2022-02-09,6620,6620,NA,NA
"698",2022-02-10,6050,6050,NA,NA
"699",2022-02-11,5580,5580,NA,NA
"700",2022-02-12,5110,5110,NA,NA
"701",2022-02-13,4730,4730,NA,NA
"702",2022-02-14,4170,4170,NA,NA
"703",2022-02-15,3780,3780,NA,NA
"704",2022-02-16,3550,3550,NA,NA
"705",2022-02-17,3350,3350,NA,NA
"706",2022-02-18,3190,3190,NA,NA
"707",2022-02-19,3090,3090,NA,NA
"708",2022-02-20,2980,2980,NA,NA
"709",2022-02-21,2950,2950,NA,NA
"710",2022-02-22,2870,2870,NA,NA
"711",2022-02-23,2760,2760,NA,NA
"712",2022-02-24,2640,2640,NA,NA
"713",2022-02-25,2520,2520,NA,NA
"714",2022-02-26,2370,2370,NA,NA
"715",2022-02-27,2230,2230,2140,3470
"716",2022-02-28,NA,2090,1970,3370
"717",2022-03-01,NA,1940,1810,3270
"718",2022-03-02,NA,1790,1640,3170
"719",2022-03-03,NA,1640,1480,3080
"720",2022-03-04,NA,1470,1310,2980
"721",2022-03-05,NA,1320,1150,2890
"722",2022-03-06,NA,1170,992,2900
"723",2022-03-07,NA,1120,945,2900
"724",2022-03-08,NA,1070,898,2920
"725",2022-03-09,NA,1020,851,2930
"726",2022-03-10,NA,973,806,2950
"727",2022-03-11,NA,925,761,2970
"728",2022-03-12,NA,880,718,2920
"729",2022-03-13,NA,836,677,2870
"730",2022-03-14,NA,794,638,2830
"731",2022-03-15,NA,753,600,2780
"732",2022-03-16,NA,715,565,2740
"733",2022-03-17,NA,679,532,2700
"734",2022-03-18,NA,644,500,2660
"735",2022-03-19,NA,611,471,2620
"736",2022-03-20,NA,580,443,2570
"737",2022-03-21,NA,550,416,2530
"738",2022-03-22,NA,522,392,2490
"739",2022-03-23,NA,495,372,2460
"740",2022-03-24,NA,470,369,2420
"741",2022-03-25,NA,446,349,2380
"742",2022-03-26,NA,439,330,2340
"743",2022-03-27,NA,417,311,2310
"744",2022-03-28,NA,396,294,2270
"745",2022-03-29,NA,377,278,2230
"746",2022-03-30,NA,358,262,2200
"747",2022-03-31,NA,340,248,2160
"748",2022-04-01,NA,324,234,2130
"749",2022-04-02,NA,308,222,2100
"750",2022-04-03,NA,292,209,2060
"751",2022-04-04,NA,278,198,2030
"752",2022-04-05,NA,264,187,2000
"753",2022-04-06,NA,252,177,1970
"754",2022-04-07,NA,239,167,1960
"755",2022-04-08,NA,228,158,1980
"756",2022-04-09,NA,217,150,2010
"757",2022-04-10,NA,206,141,2050
"758",2022-04-11,NA,196,134,2090
"759",2022-04-12,NA,187,127,2130
"760",2022-04-13,NA,178,120,2180
"761",2022-04-14,NA,169,113,2270
"762",2022-04-15,NA,161,107,2370
"763",2022-04-16,NA,153,101,2360
"764",2022-04-17,NA,146,96,2330
"765",2022-04-18,NA,139,91,2300
"766",2022-04-19,NA,132,86,2270
"767",2022-04-20,NA,126,81,2240
"768",2022-04-21,NA,120,77,2220
"769",2022-04-22,NA,114,73,2190
"770",2022-04-23,NA,109,69,2160
"771",2022-04-24,NA,104,66,2140
"772",2022-04-25,NA,99,62,2110
"773",2022-04-26,NA,94,59,2080
"774",2022-04-27,NA,90,56,2060
"775",2022-04-28,NA,86,53,2030
"776",2022-04-29,NA,82,50,2010
"777",2022-04-30,NA,78,47,1980
"778",2022-05-01,NA,74,45,1960
"779",2022-05-02,NA,71,43,1930
"780",2022-05-03,NA,68,40,1910
"781",2022-05-04,NA,65,38,1890
"782",2022-05-05,NA,62,36,1860
"783",2022-05-06,NA,59,34,1840
"784",2022-05-07,NA,56,33,1820
"785",2022-05-08,NA,54,31,1800
"786",2022-05-09,NA,51,29,1770
"787",2022-05-10,NA,49,28,1750
"788",2022-05-11,NA,47,26,1730
"789",2022-05-12,NA,44,25,1710
"790",2022-05-13,NA,42,24,1690
"791",2022-05-14,NA,40,23,1670
"792",2022-05-15,NA,39,21,1650
"793",2022-05-16,NA,37,20,1630
"794",2022-05-17,NA,35,19,1610
"795",2022-05-18,NA,34,18,1590
"796",2022-05-19,NA,32,17,1570
"797",2022-05-20,NA,31,16,1550
"798",2022-05-21,NA,29,16,1540
"799",2022-05-22,NA,28,15,1520
"800",2022-05-23,NA,27,14,1500
"801",2022-05-24,NA,26,13,1480
"802",2022-05-25,NA,25,13,1470
"803",2022-05-26,NA,23,12,1450
"804",2022-05-27,NA,22,11,1430
"805",2022-05-28,NA,21,11,1420
"806",2022-05-29,NA,20,10,1400
"807",2022-05-30,NA,20,10,1390
"808",2022-05-31,NA,19,9,1370
"809",2022-06-01,NA,18,9,1360
"810",2022-06-02,NA,17,8,1340
"811",2022-06-03,NA,16,8,1330
"812",2022-06-04,NA,16,8,1310
"813",2022-06-05,NA,15,7,1300
"814",2022-06-06,NA,14,7,1290
"815",2022-06-07,NA,14,7,1270
"816",2022-06-08,NA,13,6,1260
"817",2022-06-09,NA,13,6,1250
"818",2022-06-10,NA,12,6,1230
"819",2022-06-11,NA,12,6,1220
"820",2022-06-12,NA,11,6,1210
"821",2022-06-13,NA,11,5,1200
"822",2022-06-14,NA,10,5,1190
"823",2022-06-15,NA,10,5,1180
"824",2022-06-16,NA,11,5,1160
"825",2022-06-17,NA,11,4,1150
"826",2022-06-18,NA,11,4,1140
"827",2022-06-19,NA,11,4,1130
"828",2022-06-20,NA,10,4,1120
"829",2022-06-21,NA,10,4,1110
"830",2022-06-22,NA,9,3,1100
"831",2022-06-23,NA,9,3,1090
"832",2022-06-24,NA,9,3,1080
"833",2022-06-25,NA,8,3,1070
"834",2022-06-26,NA,8,3,1060
"835",2022-06-27,NA,8,3,1050
