,Date,Actual,forecast_date,target,location,type,quantile,value,Prediction,New Cases_y
0,2020-03-01,0,2020-10-18,1 wk ahead inc case,42,point,,9411.91021,1344.5586014285714,
1,2020-03-02,0,2020-10-18,1 wk ahead inc case,42,point,,9411.91021,1344.5586014285714,
2,2020-03-03,0,2020-10-18,1 wk ahead inc case,42,point,,9411.91021,1344.5586014285714,
3,2020-03-04,0,2020-10-18,1 wk ahead inc case,42,point,,9411.91021,1344.5586014285714,
4,2020-03-05,0,2020-10-18,1 wk ahead inc case,42,point,,9411.91021,1344.5586014285714,
5,2020-03-06,4,2020-10-18,1 wk ahead inc case,42,point,,9411.91021,1344.5586014285714,
6,2020-03-07,6,2020-10-18,1 wk ahead inc case,42,point,,9411.91021,1344.5586014285714,
7,2020-03-08,6,2020-10-18,1 wk ahead inc case,42,point,,9411.91021,1344.5586014285714,
8,2020-03-09,8,2020-10-18,1 wk ahead inc case,42,point,,9411.91021,1344.5586014285714,
9,2020-03-10,10,2020-10-18,1 wk ahead inc case,42,point,,9411.91021,1344.5586014285714,
10,2020-03-11,16,2020-10-18,1 wk ahead inc case,42,point,,9411.91021,1344.5586014285714,
11,2020-03-12,18,2020-10-18,1 wk ahead inc case,42,point,,9411.91021,1344.5586014285714,
12,2020-03-13,34,2020-10-18,1 wk ahead inc case,42,point,,9411.91021,1344.5586014285714,
13,2020-03-14,26,2020-10-18,1 wk ahead inc case,42,point,,9411.91021,1344.5586014285714,
14,2020-03-15,30,2020-10-18,1 wk ahead inc case,42,point,,9411.91021,1344.5586014285714,
15,2020-03-16,60,2020-10-18,1 wk ahead inc case,42,point,,9411.91021,1344.5586014285714,
16,2020-03-17,76,2020-10-18,1 wk ahead inc case,42,point,,9411.91021,1344.5586014285714,
17,2020-03-18,136,2020-10-18,1 wk ahead inc case,42,point,,9411.91021,1344.5586014285714,
18,2020-03-19,212,2020-10-18,1 wk ahead inc case,42,point,,9411.91021,1344.5586014285714,
19,2020-03-20,232,2020-10-18,1 wk ahead inc case,42,point,,9411.91021,1344.5586014285714,
20,2020-03-21,224,2020-10-18,1 wk ahead inc case,42,point,,9411.91021,1344.5586014285714,
21,2020-03-22,296,2020-10-18,1 wk ahead inc case,42,point,,9411.91021,1344.5586014285714,
22,2020-03-23,510,2020-10-18,1 wk ahead inc case,42,point,,9411.91021,1344.5586014285714,
23,2020-03-24,516,2020-10-18,1 wk ahead inc case,42,point,,9411.91021,1344.5586014285714,
24,2020-03-25,1084,2020-10-18,1 wk ahead inc case,42,point,,9411.91021,1344.5586014285714,
25,2020-03-26,1086,2020-10-18,1 wk ahead inc case,42,point,,9411.91021,1344.5586014285714,
26,2020-03-27,1116,2020-10-18,1 wk ahead inc case,42,point,,9411.91021,1344.5586014285714,
27,2020-03-28,1278,2020-10-18,1 wk ahead inc case,42,point,,9411.91021,1344.5586014285714,
28,2020-03-29,1414,2020-10-18,1 wk ahead inc case,42,point,,9411.91021,1344.5586014285714,
29,2020-03-30,1538,2020-10-18,1 wk ahead inc case,42,point,,9411.91021,1344.5586014285714,
30,2020-03-31,1970,2020-10-18,1 wk ahead inc case,42,point,,9411.91021,1344.5586014285714,
31,2020-04-01,2266,2020-10-18,1 wk ahead inc case,42,point,,9411.91021,1344.5586014285714,
32,2020-04-02,2800,2020-10-18,1 wk ahead inc case,42,point,,9411.91021,1344.5586014285714,
33,2020-04-03,3418,2020-10-18,1 wk ahead inc case,42,point,,9411.91021,1344.5586014285714,
34,2020-04-04,2828,2020-10-18,1 wk ahead inc case,42,point,,9411.91021,1344.5586014285714,
35,2020-04-05,2998,2020-10-18,1 wk ahead inc case,42,point,,9411.91021,1344.5586014285714,
36,2020-04-06,3062,2020-10-18,1 wk ahead inc case,42,point,,9411.91021,1344.5586014285714,
37,2020-04-07,3602,2020-10-18,1 wk ahead inc case,42,point,,9411.91021,1344.5586014285714,
38,2020-04-08,4048,2020-10-18,1 wk ahead inc case,42,point,,9411.91021,1344.5586014285714,
39,2020-04-09,3684,2020-10-18,1 wk ahead inc case,42,point,,9411.91021,1344.5586014285714,
40,2020-04-10,3468,2020-10-18,1 wk ahead inc case,42,point,,9411.91021,1344.5586014285714,
41,2020-04-11,2362,2020-10-18,1 wk ahead inc case,42,point,,9411.91021,1344.5586014285714,
42,2020-04-12,2572,2020-10-18,1 wk ahead inc case,42,point,,9411.91021,1344.5586014285714,
43,2020-04-13,2214,2020-10-18,1 wk ahead inc case,42,point,,9411.91021,1344.5586014285714,
44,2020-04-14,2458,2020-10-18,1 wk ahead inc case,42,point,,9411.91021,1344.5586014285714,
45,2020-04-15,2384,2020-10-18,1 wk ahead inc case,42,point,,9411.91021,1344.5586014285714,
46,2020-04-16,3644,2020-10-18,1 wk ahead inc case,42,point,,9411.91021,1344.5586014285714,
47,2020-04-17,3632,2020-10-18,1 wk ahead inc case,42,point,,9411.91021,1344.5586014285714,
48,2020-04-18,2534,2020-10-18,1 wk ahead inc case,42,point,,9411.91021,1344.5586014285714,
49,2020-04-19,1790,2020-10-18,1 wk ahead inc case,42,point,,9411.91021,1344.5586014285714,
50,2020-04-20,2488,2020-10-18,1 wk ahead inc case,42,point,,9411.91021,1344.5586014285714,
51,2020-04-21,2686,2020-10-18,1 wk ahead inc case,42,point,,9411.91021,1344.5586014285714,
52,2020-04-22,3708,2020-10-18,1 wk ahead inc case,42,point,,9411.91021,1344.5586014285714,
53,2020-04-23,3280,2020-10-18,1 wk ahead inc case,42,point,,9411.91021,1344.5586014285714,
54,2020-04-24,3090,2020-10-18,1 wk ahead inc case,42,point,,9411.91021,1344.5586014285714,
55,2020-04-25,2648,2020-10-18,1 wk ahead inc case,42,point,,9411.91021,1344.5586014285714,
56,2020-04-26,1822,2020-10-18,1 wk ahead inc case,42,point,,9411.91021,1344.5586014285714,
57,2020-04-27,3008,2020-10-18,1 wk ahead inc case,42,point,,9411.91021,1344.5586014285714,
58,2020-04-28,2346,2020-10-18,1 wk ahead inc case,42,point,,9411.91021,1344.5586014285714,
59,2020-04-29,3162,2020-10-18,1 wk ahead inc case,42,point,,9411.91021,1344.5586014285714,
60,2020-04-30,3386,2020-10-18,1 wk ahead inc case,42,point,,9411.91021,1344.5586014285714,
61,2020-05-01,2698,2020-10-18,1 wk ahead inc case,42,point,,9411.91021,1344.5586014285714,
62,2020-05-02,2098,2020-10-18,1 wk ahead inc case,42,point,,9411.91021,1344.5586014285714,
63,2020-05-03,1910,2020-10-18,1 wk ahead inc case,42,point,,9411.91021,1344.5586014285714,
64,2020-05-04,1758,2020-10-18,1 wk ahead inc case,42,point,,9411.91021,1344.5586014285714,
65,2020-05-05,1936,2020-10-18,1 wk ahead inc case,42,point,,9411.91021,1344.5586014285714,
66,2020-05-06,2204,2020-10-18,1 wk ahead inc case,42,point,,9411.91021,1344.5586014285714,
67,2020-05-07,2842,2020-10-18,1 wk ahead inc case,42,point,,9411.91021,1344.5586014285714,
68,2020-05-08,2186,2020-10-18,1 wk ahead inc case,42,point,,9411.91021,1344.5586014285714,
69,2020-05-09,2828,2020-10-18,1 wk ahead inc case,42,point,,9411.91021,1344.5586014285714,
70,2020-05-10,1184,2020-10-18,1 wk ahead inc case,42,point,,9411.91021,1344.5586014285714,
71,2020-05-11,1576,2020-10-18,1 wk ahead inc case,42,point,,9411.91021,1344.5586014285714,
72,2020-05-12,1522,2020-10-18,1 wk ahead inc case,42,point,,9411.91021,1344.5586014285714,
73,2020-05-13,1832,2020-10-18,1 wk ahead inc case,42,point,,9411.91021,1344.5586014285714,
74,2020-05-14,2018,2020-10-18,1 wk ahead inc case,42,point,,9411.91021,1344.5586014285714,
75,2020-05-15,2202,2020-10-18,1 wk ahead inc case,42,point,,9411.91021,1344.5586014285714,
76,2020-05-16,1398,2020-10-18,1 wk ahead inc case,42,point,,9411.91021,1344.5586014285714,
77,2020-05-17,1556,2020-10-18,1 wk ahead inc case,42,point,,9411.91021,1344.5586014285714,
78,2020-05-18,1130,2020-10-18,1 wk ahead inc case,42,point,,9411.91021,1344.5586014285714,
79,2020-05-19,1538,2020-10-18,1 wk ahead inc case,42,point,,9411.91021,1344.5586014285714,
80,2020-05-20,1946,2020-10-18,1 wk ahead inc case,42,point,,9411.91021,1344.5586014285714,
81,2020-05-21,1934,2020-10-18,1 wk ahead inc case,42,point,,9411.91021,1344.5586014285714,
82,2020-05-22,1528,2020-10-18,1 wk ahead inc case,42,point,,9411.91021,1344.5586014285714,
83,2020-05-23,1414,2020-10-18,1 wk ahead inc case,42,point,,9411.91021,1344.5586014285714,
84,2020-05-24,1122,2020-10-18,1 wk ahead inc case,42,point,,9411.91021,1344.5586014285714,
85,2020-05-25,936,2020-10-18,1 wk ahead inc case,42,point,,9411.91021,1344.5586014285714,
86,2020-05-26,1394,2020-10-18,1 wk ahead inc case,42,point,,9411.91021,1344.5586014285714,
87,2020-05-27,1370,2020-10-18,1 wk ahead inc case,42,point,,9411.91021,1344.5586014285714,
88,2020-05-28,1430,2020-10-18,1 wk ahead inc case,42,point,,9411.91021,1344.5586014285714,
89,2020-05-29,1446,2020-10-18,1 wk ahead inc case,42,point,,9411.91021,1344.5586014285714,
90,2020-05-30,1096,2020-10-18,1 wk ahead inc case,42,point,,9411.91021,1344.5586014285714,
91,2020-05-31,764,2020-10-18,1 wk ahead inc case,42,point,,9411.91021,1344.5586014285714,
92,2020-06-01,1090,2020-10-18,1 wk ahead inc case,42,point,,9411.91021,1344.5586014285714,
93,2020-06-02,1086,2020-10-18,1 wk ahead inc case,42,point,,9411.91021,1344.5586014285714,
94,2020-06-03,1088,2020-10-18,1 wk ahead inc case,42,point,,9411.91021,1344.5586014285714,
95,2020-06-04,944,2020-10-18,1 wk ahead inc case,42,point,,9411.91021,1344.5586014285714,
96,2020-06-05,1472,2020-10-18,1 wk ahead inc case,42,point,,9411.91021,1344.5586014285714,
97,2020-06-06,858,2020-10-18,1 wk ahead inc case,42,point,,9411.91021,1344.5586014285714,
98,2020-06-07,694,2020-10-18,1 wk ahead inc case,42,point,,9411.91021,1344.5586014285714,
99,2020-06-08,1008,2020-10-18,1 wk ahead inc case,42,point,,9411.91021,1344.5586014285714,
100,2020-06-09,858,2020-10-18,1 wk ahead inc case,42,point,,9411.91021,1344.5586014285714,
101,2020-06-10,1090,2020-10-18,1 wk ahead inc case,42,point,,9411.91021,1344.5586014285714,
102,2020-06-11,1276,2020-10-18,1 wk ahead inc case,42,point,,9411.91021,1344.5586014285714,
103,2020-06-12,890,2020-10-18,1 wk ahead inc case,42,point,,9411.91021,1344.5586014285714,
104,2020-06-13,682,2020-10-18,1 wk ahead inc case,42,point,,9411.91021,1344.5586014285714,
105,2020-06-14,666,2020-10-18,1 wk ahead inc case,42,point,,9411.91021,1344.5586014285714,
106,2020-06-15,648,2020-10-18,1 wk ahead inc case,42,point,,9411.91021,1344.5586014285714,
107,2020-06-16,736,2020-10-18,1 wk ahead inc case,42,point,,9411.91021,1344.5586014285714,
108,2020-06-17,884,2020-10-18,1 wk ahead inc case,42,point,,9411.91021,1344.5586014285714,
109,2020-06-18,1020,2020-10-18,1 wk ahead inc case,42,point,,9411.91021,1344.5586014285714,
110,2020-06-19,960,2020-10-18,1 wk ahead inc case,42,point,,9411.91021,1344.5586014285714,
111,2020-06-20,938,2020-10-18,1 wk ahead inc case,42,point,,9411.91021,1344.5586014285714,
112,2020-06-21,900,2020-10-18,1 wk ahead inc case,42,point,,9411.91021,1344.5586014285714,
113,2020-06-22,1170,2020-10-18,1 wk ahead inc case,42,point,,9411.91021,1344.5586014285714,
114,2020-06-23,996,2020-10-18,1 wk ahead inc case,42,point,,9411.91021,1344.5586014285714,
115,2020-06-24,1146,2020-10-18,1 wk ahead inc case,42,point,,9411.91021,1344.5586014285714,
116,2020-06-25,1232,2020-10-18,1 wk ahead inc case,42,point,,9411.91021,1344.5586014285714,
117,2020-06-26,1222,2020-10-18,1 wk ahead inc case,42,point,,9411.91021,1344.5586014285714,
118,2020-06-27,974,2020-10-18,1 wk ahead inc case,42,point,,9411.91021,1344.5586014285714,
119,2020-06-28,1116,2020-10-18,1 wk ahead inc case,42,point,,9411.91021,1344.5586014285714,
120,2020-06-29,1212,2020-10-18,1 wk ahead inc case,42,point,,9411.91021,1344.5586014285714,
121,2020-06-30,1274,2020-10-18,1 wk ahead inc case,42,point,,9411.91021,1344.5586014285714,
122,2020-07-01,1636,2020-10-18,1 wk ahead inc case,42,point,,9411.91021,1344.5586014285714,
123,2020-07-02,1544,2020-10-18,1 wk ahead inc case,42,point,,9411.91021,1344.5586014285714,
124,2020-07-03,1330,2020-10-18,1 wk ahead inc case,42,point,,9411.91021,1344.5586014285714,
125,2020-07-04,1118,2020-10-18,1 wk ahead inc case,42,point,,9411.91021,1344.5586014285714,
126,2020-07-05,1030,2020-10-18,1 wk ahead inc case,42,point,,9411.91021,1344.5586014285714,
127,2020-07-06,1606,2020-10-18,1 wk ahead inc case,42,point,,9411.91021,1344.5586014285714,
128,2020-07-07,1802,2020-10-18,1 wk ahead inc case,42,point,,9411.91021,1344.5586014285714,
129,2020-07-08,1496,2020-10-18,1 wk ahead inc case,42,point,,9411.91021,1344.5586014285714,
130,2020-07-09,1830,2020-10-18,1 wk ahead inc case,42,point,,9411.91021,1344.5586014285714,
131,2020-07-10,1654,2020-10-18,1 wk ahead inc case,42,point,,9411.91021,1344.5586014285714,
132,2020-07-11,1320,2020-10-18,1 wk ahead inc case,42,point,,9411.91021,1344.5586014285714,
133,2020-07-12,806,2020-10-18,1 wk ahead inc case,42,point,,9411.91021,1344.5586014285714,
134,2020-07-13,1828,2020-10-18,1 wk ahead inc case,42,point,,9411.91021,1344.5586014285714,
135,2020-07-14,1976,2020-10-18,1 wk ahead inc case,42,point,,9411.91021,1344.5586014285714,
136,2020-07-15,1660,2020-10-18,1 wk ahead inc case,42,point,,9411.91021,1344.5586014285714,
137,2020-07-16,2072,2020-10-18,1 wk ahead inc case,42,point,,9411.91021,1344.5586014285714,
138,2020-07-17,1582,2020-10-18,1 wk ahead inc case,42,point,,9411.91021,1344.5586014285714,
139,2020-07-18,1544,2020-10-18,1 wk ahead inc case,42,point,,9411.91021,1344.5586014285714,
140,2020-07-19,1480,2020-10-18,1 wk ahead inc case,42,point,,9411.91021,1344.5586014285714,
141,2020-07-20,2058,2020-10-18,1 wk ahead inc case,42,point,,9411.91021,1344.5586014285714,
142,2020-07-21,1556,2020-10-18,1 wk ahead inc case,42,point,,9411.91021,1344.5586014285714,
143,2020-07-22,1802,2020-10-18,1 wk ahead inc case,42,point,,9411.91021,1344.5586014285714,
144,2020-07-23,2382,2020-10-18,1 wk ahead inc case,42,point,,9411.91021,1344.5586014285714,
145,2020-07-24,2206,2020-10-18,1 wk ahead inc case,42,point,,9411.91021,1344.5586014285714,
146,2020-07-25,1636,2020-10-18,1 wk ahead inc case,42,point,,9411.91021,1344.5586014285714,
147,2020-07-26,1536,2020-10-18,1 wk ahead inc case,42,point,,9411.91021,1344.5586014285714,
148,2020-07-27,2180,2020-10-18,1 wk ahead inc case,42,point,,9411.91021,1344.5586014285714,
149,2020-07-28,1570,2020-10-18,1 wk ahead inc case,42,point,,9411.91021,1344.5586014285714,
150,2020-07-29,1826,2020-10-18,1 wk ahead inc case,42,point,,9411.91021,1344.5586014285714,
151,2020-07-30,2014,2020-10-18,1 wk ahead inc case,42,point,,9411.91021,1344.5586014285714,
152,2020-07-31,1786,2020-10-18,1 wk ahead inc case,42,point,,9411.91021,1344.5586014285714,
153,2020-08-01,1320,2020-10-18,1 wk ahead inc case,42,point,,9411.91021,1344.5586014285714,
154,2020-08-02,1154,2020-10-18,1 wk ahead inc case,42,point,,9411.91021,1344.5586014285714,
155,2020-08-03,1674,2020-10-18,1 wk ahead inc case,42,point,,9411.91021,1344.5586014285714,
156,2020-08-04,1446,2020-10-18,1 wk ahead inc case,42,point,,9411.91021,1344.5586014285714,
157,2020-08-05,1620,2020-10-18,1 wk ahead inc case,42,point,,9411.91021,1344.5586014285714,
158,2020-08-06,1532,2020-10-18,1 wk ahead inc case,42,point,,9411.91021,1344.5586014285714,
159,2020-08-07,1640,2020-10-18,1 wk ahead inc case,42,point,,9411.91021,1344.5586014285714,
160,2020-08-08,1556,2020-10-18,1 wk ahead inc case,42,point,,9411.91021,1344.5586014285714,
161,2020-08-09,1238,2020-10-18,1 wk ahead inc case,42,point,,9411.91021,1344.5586014285714,
162,2020-08-10,1636,2020-10-18,1 wk ahead inc case,42,point,,9411.91021,1344.5586014285714,
163,2020-08-11,1774,2020-10-18,1 wk ahead inc case,42,point,,9411.91021,1344.5586014285714,
164,2020-08-12,2060,2020-10-18,1 wk ahead inc case,42,point,,9411.91021,1344.5586014285714,
165,2020-08-13,1688,2020-10-18,1 wk ahead inc case,42,point,,9411.91021,1344.5586014285714,
166,2020-08-14,1694,2020-10-18,1 wk ahead inc case,42,point,,9411.91021,1344.5586014285714,
167,2020-08-15,1368,2020-10-18,1 wk ahead inc case,42,point,,9411.91021,1344.5586014285714,
168,2020-08-16,882,2020-10-18,1 wk ahead inc case,42,point,,9411.91021,1344.5586014285714,
169,2020-08-17,1304,2020-10-18,1 wk ahead inc case,42,point,,9411.91021,1344.5586014285714,
170,2020-08-18,1222,2020-10-18,1 wk ahead inc case,42,point,,9411.91021,1344.5586014285714,
171,2020-08-19,1552,2020-10-18,1 wk ahead inc case,42,point,,9411.91021,1344.5586014285714,
172,2020-08-20,1476,2020-10-18,1 wk ahead inc case,42,point,,9411.91021,1344.5586014285714,
173,2020-08-21,1600,2020-10-18,1 wk ahead inc case,42,point,,9411.91021,1344.5586014285714,
174,2020-08-22,1200,2020-10-18,1 wk ahead inc case,42,point,,9411.91021,1344.5586014285714,
175,2020-08-23,848,2020-10-18,1 wk ahead inc case,42,point,,9411.91021,1344.5586014285714,
176,2020-08-24,1188,2020-10-18,1 wk ahead inc case,42,point,,9411.91021,1344.5586014285714,
177,2020-08-25,1016,2020-10-18,1 wk ahead inc case,42,point,,9411.91021,1344.5586014285714,
178,2020-08-26,1278,2020-10-18,1 wk ahead inc case,42,point,,9411.91021,1344.5586014285714,
179,2020-08-27,1702,2020-10-18,1 wk ahead inc case,42,point,,9411.91021,1344.5586014285714,
180,2020-08-28,1664,2020-10-18,1 wk ahead inc case,42,point,,9411.91021,1344.5586014285714,
181,2020-08-29,1380,2020-10-18,1 wk ahead inc case,42,point,,9411.91021,1344.5586014285714,
182,2020-08-30,1052,2020-10-18,1 wk ahead inc case,42,point,,9411.91021,1344.5586014285714,
183,2020-08-31,1664,2020-10-18,1 wk ahead inc case,42,point,,9411.91021,1344.5586014285714,
184,2020-09-01,1804,2020-10-18,1 wk ahead inc case,42,point,,9411.91021,1344.5586014285714,
185,2020-09-02,2168,2020-10-18,1 wk ahead inc case,42,point,,9411.91021,1344.5586014285714,
186,2020-09-03,1830,2020-10-18,1 wk ahead inc case,42,point,,9411.91021,1344.5586014285714,
187,2020-09-04,1934,2020-10-18,1 wk ahead inc case,42,point,,9411.91021,1344.5586014285714,
188,2020-09-05,1310,2020-10-18,1 wk ahead inc case,42,point,,9411.91021,1344.5586014285714,
189,2020-09-06,1196,2020-10-18,1 wk ahead inc case,42,point,,9411.91021,1344.5586014285714,
190,2020-09-07,978,2020-10-18,1 wk ahead inc case,42,point,,9411.91021,1344.5586014285714,
191,2020-09-08,1996,2020-10-18,1 wk ahead inc case,42,point,,9411.91021,1344.5586014285714,
192,2020-09-09,1192,2020-10-18,1 wk ahead inc case,42,point,,9411.91021,1344.5586014285714,
193,2020-09-10,2048,2020-10-18,1 wk ahead inc case,42,point,,9411.91021,1344.5586014285714,
194,2020-09-11,1918,2020-10-18,1 wk ahead inc case,42,point,,9411.91021,1344.5586014285714,
195,2020-09-12,1304,2020-10-18,1 wk ahead inc case,42,point,,9411.91021,1344.5586014285714,
196,2020-09-13,1384,2020-10-18,1 wk ahead inc case,42,point,,9411.91021,1344.5586014285714,
197,2020-09-14,2182,2020-10-18,1 wk ahead inc case,42,point,,9411.91021,1344.5586014285714,
198,2020-09-15,1530,2020-10-18,1 wk ahead inc case,42,point,,9411.91021,1344.5586014285714,
199,2020-09-16,1890,2020-10-18,1 wk ahead inc case,42,point,,9411.91021,1344.5586014285714,
200,2020-09-17,1626,2020-10-18,1 wk ahead inc case,42,point,,9411.91021,1344.5586014285714,
201,2020-09-18,1820,2020-10-18,1 wk ahead inc case,42,point,,9411.91021,1344.5586014285714,
202,2020-09-19,1358,2020-10-18,1 wk ahead inc case,42,point,,9411.91021,1344.5586014285714,
203,2020-09-20,1148,2020-10-18,1 wk ahead inc case,42,point,,9411.91021,1344.5586014285714,
204,2020-09-21,1712,2020-10-18,1 wk ahead inc case,42,point,,9411.91021,1344.5586014285714,
205,2020-09-22,1580,2020-10-18,1 wk ahead inc case,42,point,,9411.91021,1344.5586014285714,
206,2020-09-23,1848,2020-10-18,1 wk ahead inc case,42,point,,9411.91021,1344.5586014285714,
207,2020-09-24,2022,2020-10-18,1 wk ahead inc case,42,point,,9411.91021,1344.5586014285714,
208,2020-09-25,1846,2020-10-18,1 wk ahead inc case,42,point,,9411.91021,1344.5586014285714,
209,2020-09-26,1820,2020-10-18,1 wk ahead inc case,42,point,,9411.91021,1344.5586014285714,
210,2020-09-27,1348,2020-10-18,1 wk ahead inc case,42,point,,9411.91021,1344.5586014285714,
211,2020-09-28,2814,2020-10-18,1 wk ahead inc case,42,point,,9411.91021,1344.5586014285714,
212,2020-09-29,1766,2020-10-18,1 wk ahead inc case,42,point,,9411.91021,1344.5586014285714,
213,2020-09-30,2072,2020-10-18,1 wk ahead inc case,42,point,,9411.91021,1344.5586014285714,
214,2020-10-01,2290,2020-10-18,1 wk ahead inc case,42,point,,9411.91021,1344.5586014285714,
215,2020-10-02,2406,2020-10-18,1 wk ahead inc case,42,point,,9411.91021,1344.5586014285714,
216,2020-10-03,1958,2020-10-18,1 wk ahead inc case,42,point,,9411.91021,1344.5586014285714,
217,2020-10-04,1578,2020-10-18,1 wk ahead inc case,42,point,,9411.91021,1344.5586014285714,
218,2020-10-05,1934,2020-10-18,1 wk ahead inc case,42,point,,9411.91021,1344.5586014285714,
219,2020-10-06,2736,2020-10-18,1 wk ahead inc case,42,point,,9411.91021,1344.5586014285714,
220,2020-10-07,2586,2020-10-18,1 wk ahead inc case,42,point,,9411.91021,1344.5586014285714,
221,2020-10-08,2848,2020-10-18,1 wk ahead inc case,42,point,,9411.91021,1344.5586014285714,
222,2020-10-09,3480,2020-10-18,1 wk ahead inc case,42,point,,9411.91021,1344.5586014285714,
223,2020-10-10,2342,2020-10-18,1 wk ahead inc case,42,point,,9411.91021,1344.5586014285714,
224,2020-10-11,2198,2020-10-18,1 wk ahead inc case,42,point,,9411.91021,1344.5586014285714,
225,2020-10-12,2626,2020-10-18,1 wk ahead inc case,42,point,,9411.91021,1344.5586014285714,
226,2020-10-13,2576,2020-10-18,1 wk ahead inc case,42,point,,9411.91021,1344.5586014285714,
227,2020-10-14,3146,2020-10-18,1 wk ahead inc case,42,point,,9411.91021,1344.5586014285714,
228,2020-10-15,3302,2020-10-18,1 wk ahead inc case,42,point,,9411.91021,1344.5586014285714,
229,2020-10-16,3794,2020-10-18,1 wk ahead inc case,42,point,,9411.91021,1344.5586014285714,
230,2020-10-17,2562,2020-10-18,1 wk ahead inc case,42,point,,9411.91021,1344.5586014285714,
231,2020-10-18,2466,2020-10-18,1 wk ahead inc case,42,point,,9411.91021,1344.5586014285714,
232,2020-10-19,3080,2020-10-18,1 wk ahead inc case,42,point,,9411.91021,1344.5586014285714,
233,2020-10-20,3030,2020-10-18,1 wk ahead inc case,42,point,,9411.91021,1344.5586014285714,
234,2020-10-21,4140,2020-10-18,1 wk ahead inc case,42,point,,9411.91021,1344.5586014285714,
235,2020-10-22,4346,2020-10-18,1 wk ahead inc case,42,point,,9411.91021,1344.5586014285714,
236,2020-10-23,4322,2020-10-18,1 wk ahead inc case,42,point,,9411.91021,1344.5586014285714,
237,2020-10-24,3500,2020-10-18,1 wk ahead inc case,42,point,,9411.91021,1344.5586014285714,3500.0
238,2020-10-25,3336,2020-10-25,1 wk ahead inc case,42,point,,12488.21006,1784.0300085714284,
239,2020-10-26,4734,2020-10-25,1 wk ahead inc case,42,point,,12488.21006,1784.0300085714284,
240,2020-10-27,4556,2020-10-25,1 wk ahead inc case,42,point,,12488.21006,1784.0300085714284,
241,2020-10-28,4812,2020-10-25,1 wk ahead inc case,42,point,,12488.21006,1784.0300085714284,
242,2020-10-29,5026,2020-10-25,1 wk ahead inc case,42,point,,12488.21006,1784.0300085714284,
243,2020-10-30,5258,2020-10-25,1 wk ahead inc case,42,point,,12488.21006,1784.0300085714284,
244,2020-10-31,4168,2020-10-25,1 wk ahead inc case,42,point,,12488.21006,1784.0300085714284,4168.0
245,2020-11-01,3936,2020-11-01,1 wk ahead inc case,42,point,,12774.0,1824.857142857143,
246,2020-11-02,5908,2020-11-01,1 wk ahead inc case,42,point,,12774.0,1824.857142857143,
247,2020-11-03,5528,2020-11-01,1 wk ahead inc case,42,point,,12774.0,1824.857142857143,
248,2020-11-04,5874,2020-11-01,1 wk ahead inc case,42,point,,12774.0,1824.857142857143,
249,2020-11-05,7162,2020-11-01,1 wk ahead inc case,42,point,,12774.0,1824.857142857143,
250,2020-11-06,7994,2020-11-01,1 wk ahead inc case,42,point,,12774.0,1824.857142857143,
251,2020-11-07,6350,2020-11-01,1 wk ahead inc case,42,point,,12774.0,1824.857142857143,6350.0
252,2020-11-08,6558,2020-11-08,1 wk ahead inc case,42,point,,22859.4,3265.628571428572,
253,2020-11-09,9016,2020-11-08,1 wk ahead inc case,42,point,,22859.4,3265.628571428572,
254,2020-11-10,9588,2020-11-08,1 wk ahead inc case,42,point,,22859.4,3265.628571428572,
255,2020-11-11,10936,2020-11-08,1 wk ahead inc case,42,point,,22859.4,3265.628571428572,
256,2020-11-12,11734,2020-11-08,1 wk ahead inc case,42,point,,22859.4,3265.628571428572,
257,2020-11-13,11170,2020-11-08,1 wk ahead inc case,42,point,,22859.4,3265.628571428572,
258,2020-11-14,10964,2020-11-08,1 wk ahead inc case,42,point,,22859.4,3265.628571428572,10964.0
259,2020-11-15,9104,2020-11-15,1 wk ahead inc case,42,point,,43729.4,6247.057142857143,
260,2020-11-16,12148,2020-11-15,1 wk ahead inc case,42,point,,43729.4,6247.057142857143,
261,2020-11-17,12752,2020-11-15,1 wk ahead inc case,42,point,,43729.4,6247.057142857143,
262,2020-11-18,13908,2020-11-15,1 wk ahead inc case,42,point,,43729.4,6247.057142857143,
263,2020-11-19,14384,2020-11-15,1 wk ahead inc case,42,point,,43729.4,6247.057142857143,
264,2020-11-20,13884,2020-11-15,1 wk ahead inc case,42,point,,43729.4,6247.057142857143,
265,2020-11-21,13824,2020-11-15,1 wk ahead inc case,42,point,,43729.4,6247.057142857143,13824.0
266,2020-11-22,10266,2020-11-22,1 wk ahead inc case,42,point,,65247.2,9321.028571428571,
267,2020-11-23,12410,2020-11-22,1 wk ahead inc case,42,point,,65247.2,9321.028571428571,
268,2020-11-24,14496,2020-11-22,1 wk ahead inc case,42,point,,65247.2,9321.028571428571,
269,2020-11-25,16922,2020-11-22,1 wk ahead inc case,42,point,,65247.2,9321.028571428571,
270,2020-11-26,14750,2020-11-22,1 wk ahead inc case,42,point,,65247.2,9321.028571428571,
271,2020-11-27,15760,2020-11-22,1 wk ahead inc case,42,point,,65247.2,9321.028571428571,
272,2020-11-28,10898,2020-11-22,1 wk ahead inc case,42,point,,65247.2,9321.028571428571,10898.0
273,2020-11-29,8838,2020-11-29,1 wk ahead inc case,42,point,,61419.865,8774.266428571429,
274,2020-11-30,11770,2020-11-29,1 wk ahead inc case,42,point,,61419.865,8774.266428571429,
275,2020-12-01,18002,2020-11-29,1 wk ahead inc case,42,point,,61419.865,8774.266428571429,
276,2020-12-02,21662,2020-11-29,1 wk ahead inc case,42,point,,61419.865,8774.266428571429,
277,2020-12-03,24874,2020-11-29,1 wk ahead inc case,42,point,,61419.865,8774.266428571429,
278,2020-12-04,24978,2020-11-29,1 wk ahead inc case,42,point,,61419.865,8774.266428571429,
279,2020-12-05,16506,2020-11-29,1 wk ahead inc case,42,point,,61419.865,8774.266428571429,16506.0
280,2020-12-06,14226,2020-12-06,1 wk ahead inc case,42,point,,73283.7,10469.1,
281,2020-12-07,20612,2020-12-06,1 wk ahead inc case,42,point,,73283.7,10469.1,
282,2020-12-08,16324,2020-12-06,1 wk ahead inc case,42,point,,73283.7,10469.1,
283,2020-12-09,24446,2020-12-06,1 wk ahead inc case,42,point,,73283.7,10469.1,
284,2020-12-10,25588,2020-12-06,1 wk ahead inc case,42,point,,73283.7,10469.1,
285,2020-12-11,22670,2020-12-06,1 wk ahead inc case,42,point,,73283.7,10469.1,
286,2020-12-12,19536,2020-12-06,1 wk ahead inc case,42,point,,73283.7,10469.1,19536.0
287,2020-12-13,16170,2020-12-13,1 wk ahead inc case,42,point,,85563.8,12223.4,
288,2020-12-14,19956,2020-12-13,1 wk ahead inc case,42,point,,85563.8,12223.4,
289,2020-12-15,20462,2020-12-13,1 wk ahead inc case,42,point,,85563.8,12223.4,
290,2020-12-16,19456,2020-12-13,1 wk ahead inc case,42,point,,85563.8,12223.4,
291,2020-12-17,18712,2020-12-13,1 wk ahead inc case,42,point,,85563.8,12223.4,
292,2020-12-18,20526,2020-12-13,1 wk ahead inc case,42,point,,85563.8,12223.4,
293,2020-12-19,12928,2020-12-13,1 wk ahead inc case,42,point,,85563.8,12223.4,12928.0
294,2020-12-20,15546,2020-12-20,1 wk ahead inc case,42,point,,77178.6,11025.514285714287,
295,2020-12-21,16738,2020-12-20,1 wk ahead inc case,42,point,,77178.6,11025.514285714287,
296,2020-12-22,19776,2020-12-20,1 wk ahead inc case,42,point,,77178.6,11025.514285714287,
297,2020-12-23,17560,2020-12-20,1 wk ahead inc case,42,point,,77178.6,11025.514285714287,
298,2020-12-24,14076,2020-12-20,1 wk ahead inc case,42,point,,77178.6,11025.514285714287,
299,2020-12-25,14562,2020-12-20,1 wk ahead inc case,42,point,,77178.6,11025.514285714287,
300,2020-12-26,10166,2020-12-20,1 wk ahead inc case,42,point,,77178.6,11025.514285714287,10166.0
301,2020-12-27,7368,2020-12-27,1 wk ahead inc case,42,point,,65826.7,9403.814285714285,
302,2020-12-28,18120,2020-12-27,1 wk ahead inc case,42,point,,65826.7,9403.814285714285,
303,2020-12-29,18998,2020-12-27,1 wk ahead inc case,42,point,,65826.7,9403.814285714285,
304,2020-12-30,16796,2020-12-27,1 wk ahead inc case,42,point,,65826.7,9403.814285714285,
305,2020-12-31,16996,2020-12-27,1 wk ahead inc case,42,point,,65826.7,9403.814285714285,
306,2021-01-01,15792,2020-12-27,1 wk ahead inc case,42,point,,65826.7,9403.814285714285,
307,2021-01-02,9704,2020-12-27,1 wk ahead inc case,42,point,,65826.7,9403.814285714285,9704.0
308,2021-01-03,7262,2021-01-03,1 wk ahead inc case,42,point,,58126.6,8303.8,
309,2021-01-04,17470,2021-01-03,1 wk ahead inc case,42,point,,58126.6,8303.8,
310,2021-01-05,19858,2021-01-03,1 wk ahead inc case,42,point,,58126.6,8303.8,
311,2021-01-06,18936,2021-01-03,1 wk ahead inc case,42,point,,58126.6,8303.8,
312,2021-01-07,21140,2021-01-03,1 wk ahead inc case,42,point,,58126.6,8303.8,
313,2021-01-08,19364,2021-01-03,1 wk ahead inc case,42,point,,58126.6,8303.8,
314,2021-01-09,14632,2021-01-03,1 wk ahead inc case,42,point,,58126.6,8303.8,14632.0
315,2021-01-10,10472,2021-01-10,1 wk ahead inc case,42,point,,58736.3,8390.9,
316,2021-01-11,15210,2021-01-10,1 wk ahead inc case,42,point,,58736.3,8390.9,
317,2021-01-12,16382,2021-01-10,1 wk ahead inc case,42,point,,58736.3,8390.9,
318,2021-01-13,13068,2021-01-10,1 wk ahead inc case,42,point,,58736.3,8390.9,
319,2021-01-14,13516,2021-01-10,1 wk ahead inc case,42,point,,58736.3,8390.9,
320,2021-01-15,13808,2021-01-10,1 wk ahead inc case,42,point,,58736.3,8390.9,
321,2021-01-16,11570,2021-01-10,1 wk ahead inc case,42,point,,58736.3,8390.9,11570.0
322,2021-01-17,7956,2021-01-17,1 wk ahead inc case,42,point,,54159.4,7737.057142857143,
323,2021-01-18,11260,2021-01-17,1 wk ahead inc case,42,point,,54159.4,7737.057142857143,
324,2021-01-19,11326,2021-01-17,1 wk ahead inc case,42,point,,54159.4,7737.057142857143,
325,2021-01-20,11640,2021-01-17,1 wk ahead inc case,42,point,,54159.4,7737.057142857143,
326,2021-01-21,10786,2021-01-17,1 wk ahead inc case,42,point,,54159.4,7737.057142857143,
327,2021-01-22,11762,2021-01-17,1 wk ahead inc case,42,point,,54159.4,7737.057142857143,
328,2021-01-23,7646,2021-01-17,1 wk ahead inc case,42,point,,54159.4,7737.057142857143,7646.0
329,2021-01-24,7576,2021-01-24,1 wk ahead inc case,42,point,,44117.0,6302.428571428572,
330,2021-01-25,10216,2021-01-24,1 wk ahead inc case,42,point,,44117.0,6302.428571428572,
331,2021-01-26,11186,2021-01-24,1 wk ahead inc case,42,point,,44117.0,6302.428571428572,
332,2021-01-27,13992,2021-01-24,1 wk ahead inc case,42,point,,44117.0,6302.428571428572,
333,2021-01-28,16848,2021-01-24,1 wk ahead inc case,42,point,,44117.0,6302.428571428572,
334,2021-01-29,10994,2021-01-24,1 wk ahead inc case,42,point,,44117.0,6302.428571428572,
335,2021-01-30,7918,2021-01-24,1 wk ahead inc case,42,point,,44117.0,6302.428571428572,7918.0
336,2021-01-31,6710,2021-01-31,1 wk ahead inc case,42,point,,31096.4,4442.342857142858,
337,2021-02-01,7508,2021-01-31,1 wk ahead inc case,42,point,,31096.4,4442.342857142858,
338,2021-02-02,6286,2021-01-31,1 wk ahead inc case,42,point,,31096.4,4442.342857142858,
339,2021-02-03,6728,2021-01-31,1 wk ahead inc case,42,point,,31096.4,4442.342857142858,
340,2021-02-04,10114,2021-01-31,1 wk ahead inc case,42,point,,31096.4,4442.342857142858,
341,2021-02-05,8278,2021-01-31,1 wk ahead inc case,42,point,,31096.4,4442.342857142858,
342,2021-02-06,8752,2021-01-31,1 wk ahead inc case,42,point,,31096.4,4442.342857142858,8752.0
343,2021-02-07,4726,2021-02-07,1 wk ahead inc case,42,point,,24841.2,3548.7428571428572,
344,2021-02-08,8960,2021-02-07,1 wk ahead inc case,42,point,,24841.2,3548.7428571428572,
345,2021-02-09,6170,2021-02-07,1 wk ahead inc case,42,point,,24841.2,3548.7428571428572,
346,2021-02-10,8152,2021-02-07,1 wk ahead inc case,42,point,,24841.2,3548.7428571428572,
347,2021-02-11,6994,2021-02-07,1 wk ahead inc case,42,point,,24841.2,3548.7428571428572,
348,2021-02-12,7718,2021-02-07,1 wk ahead inc case,42,point,,24841.2,3548.7428571428572,
349,2021-02-13,4940,2021-02-07,1 wk ahead inc case,42,point,,24841.2,3548.7428571428572,4940.0
350,2021-02-14,3772,2021-02-14,1 wk ahead inc case,42,point,,16969.3,2424.1857142857143,
351,2021-02-15,4824,2021-02-14,1 wk ahead inc case,42,point,,16969.3,2424.1857142857143,
352,2021-02-16,7024,2021-02-14,1 wk ahead inc case,42,point,,16969.3,2424.1857142857143,
353,2021-02-17,6592,2021-02-14,1 wk ahead inc case,42,point,,16969.3,2424.1857142857143,
354,2021-02-18,5594,2021-02-14,1 wk ahead inc case,42,point,,16969.3,2424.1857142857143,
355,2021-02-19,5674,2021-02-14,1 wk ahead inc case,42,point,,16969.3,2424.1857142857143,
356,2021-02-20,3842,2021-02-14,1 wk ahead inc case,42,point,,16969.3,2424.1857142857143,3842.0
357,2021-02-21,3006,2021-02-21,1 wk ahead inc case,42,point,,13374.9,1910.7,
358,2021-02-22,5812,2021-02-21,1 wk ahead inc case,42,point,,13374.9,1910.7,
359,2021-02-23,5536,2021-02-21,1 wk ahead inc case,42,point,,13374.9,1910.7,
360,2021-02-24,4918,2021-02-21,1 wk ahead inc case,42,point,,13374.9,1910.7,
361,2021-02-25,6836,2021-02-21,1 wk ahead inc case,42,point,,13374.9,1910.7,
362,2021-02-26,6994,2021-02-21,1 wk ahead inc case,42,point,,13374.9,1910.7,
363,2021-02-27,3632,2021-02-21,1 wk ahead inc case,42,point,,13374.9,1910.7,3632.0
364,2021-02-28,3458,2021-02-28,1 wk ahead inc case,42,point,,13016.0,1859.4285714285713,
365,2021-03-01,5172,2021-02-28,1 wk ahead inc case,42,point,,13016.0,1859.4285714285713,
366,2021-03-02,5228,2021-02-28,1 wk ahead inc case,42,point,,13016.0,1859.4285714285713,
367,2021-03-03,6538,2021-02-28,1 wk ahead inc case,42,point,,13016.0,1859.4285714285713,
368,2021-03-04,5356,2021-02-28,1 wk ahead inc case,42,point,,13016.0,1859.4285714285713,
369,2021-03-05,5742,2021-02-28,1 wk ahead inc case,42,point,,13016.0,1859.4285714285713,
370,2021-03-06,3108,2021-02-28,1 wk ahead inc case,42,point,,13016.0,1859.4285714285713,3108.0
371,2021-03-07,2886,2021-03-07,1 wk ahead inc case,42,point,,13889.7,1984.2428571428572,
372,2021-03-08,6164,2021-03-07,1 wk ahead inc case,42,point,,13889.7,1984.2428571428572,
373,2021-03-09,5270,2021-03-07,1 wk ahead inc case,42,point,,13889.7,1984.2428571428572,
374,2021-03-10,5670,2021-03-07,1 wk ahead inc case,42,point,,13889.7,1984.2428571428572,
375,2021-03-11,6270,2021-03-07,1 wk ahead inc case,42,point,,13889.7,1984.2428571428572,
376,2021-03-12,5752,2021-03-07,1 wk ahead inc case,42,point,,13889.7,1984.2428571428572,
377,2021-03-13,3844,2021-03-07,1 wk ahead inc case,42,point,,13889.7,1984.2428571428572,3844.0
378,2021-03-14,2832,2021-03-14,1 wk ahead inc case,42,point,,14649.6,2092.8,
379,2021-03-15,6364,2021-03-14,1 wk ahead inc case,42,point,,14649.6,2092.8,
380,2021-03-16,6604,2021-03-14,1 wk ahead inc case,42,point,,14649.6,2092.8,
381,2021-03-17,6380,2021-03-14,1 wk ahead inc case,42,point,,14649.6,2092.8,
382,2021-03-18,7140,2021-03-14,1 wk ahead inc case,42,point,,14649.6,2092.8,
383,2021-03-19,8214,2021-03-14,1 wk ahead inc case,42,point,,14649.6,2092.8,
384,2021-03-20,4756,2021-03-14,1 wk ahead inc case,42,point,,14649.6,2092.8,4756.0
385,2021-03-21,3238,2021-03-21,1 wk ahead inc case,42,point,,19539.5,2791.3571428571427,
386,2021-03-22,7118,2021-03-21,1 wk ahead inc case,42,point,,19539.5,2791.3571428571427,
387,2021-03-23,9862,2021-03-21,1 wk ahead inc case,42,point,,19539.5,2791.3571428571427,
388,2021-03-24,7550,2021-03-21,1 wk ahead inc case,42,point,,19539.5,2791.3571428571427,
389,2021-03-25,10174,2021-03-21,1 wk ahead inc case,42,point,,19539.5,2791.3571428571427,
390,2021-03-26,8234,2021-03-21,1 wk ahead inc case,42,point,,19539.5,2791.3571428571427,
391,2021-03-27,6142,2021-03-21,1 wk ahead inc case,42,point,,19539.5,2791.3571428571427,6142.0
392,2021-03-28,5886,2021-03-28,1 wk ahead inc case,42,point,,38070.5,5438.642857142857,
393,2021-03-29,11000,2021-03-28,1 wk ahead inc case,42,point,,38070.5,5438.642857142857,
394,2021-03-30,9032,2021-03-28,1 wk ahead inc case,42,point,,38070.5,5438.642857142857,
395,2021-03-31,7876,2021-03-28,1 wk ahead inc case,42,point,,38070.5,5438.642857142857,
396,2021-04-01,9970,2021-03-28,1 wk ahead inc case,42,point,,38070.5,5438.642857142857,
397,2021-04-02,10988,2021-03-28,1 wk ahead inc case,42,point,,38070.5,5438.642857142857,
398,2021-04-03,6518,2021-03-28,1 wk ahead inc case,42,point,,38070.5,5438.642857142857,6518.0
399,2021-04-04,5372,2021-04-04,1 wk ahead inc case,42,point,,30950.8,4421.542857142857,
400,2021-04-05,10194,2021-04-04,1 wk ahead inc case,42,point,,30950.8,4421.542857142857,
401,2021-04-06,9208,2021-04-04,1 wk ahead inc case,42,point,,30950.8,4421.542857142857,
402,2021-04-07,9132,2021-04-04,1 wk ahead inc case,42,point,,30950.8,4421.542857142857,
403,2021-04-08,10546,2021-04-04,1 wk ahead inc case,42,point,,30950.8,4421.542857142857,
404,2021-04-09,9592,2021-04-04,1 wk ahead inc case,42,point,,30950.8,4421.542857142857,
405,2021-04-10,7350,2021-04-04,1 wk ahead inc case,42,point,,30950.8,4421.542857142857,7350.0
406,2021-04-11,5068,2021-04-11,1 wk ahead inc case,42,point,,35791.4,5113.057142857143,
407,2021-04-12,14360,2021-04-11,1 wk ahead inc case,42,point,,35791.4,5113.057142857143,
408,2021-04-13,11966,2021-04-11,1 wk ahead inc case,42,point,,35791.4,5113.057142857143,
409,2021-04-14,10050,2021-04-11,1 wk ahead inc case,42,point,,35791.4,5113.057142857143,
410,2021-04-15,11368,2021-04-11,1 wk ahead inc case,42,point,,35791.4,5113.057142857143,
411,2021-04-16,10366,2021-04-11,1 wk ahead inc case,42,point,,35791.4,5113.057142857143,
412,2021-04-17,5974,2021-04-11,1 wk ahead inc case,42,point,,35791.4,5113.057142857143,5974.0
413,2021-04-18,4362,2021-04-18,1 wk ahead inc case,42,point,,36873.3,5267.614285714286,
414,2021-04-19,10378,2021-04-18,1 wk ahead inc case,42,point,,36873.3,5267.614285714286,
415,2021-04-20,9082,2021-04-18,1 wk ahead inc case,42,point,,36873.3,5267.614285714286,
416,2021-04-21,9134,2021-04-18,1 wk ahead inc case,42,point,,36873.3,5267.614285714286,
417,2021-04-22,8256,2021-04-18,1 wk ahead inc case,42,point,,36873.3,5267.614285714286,
418,2021-04-23,8146,2021-04-18,1 wk ahead inc case,42,point,,36873.3,5267.614285714286,
419,2021-04-24,5808,2021-04-18,1 wk ahead inc case,42,point,,36873.3,5267.614285714286,5808.0
420,2021-04-25,3788,2021-04-25,1 wk ahead inc case,42,point,,34727.0,4961.0,
421,2021-04-26,7780,2021-04-25,1 wk ahead inc case,42,point,,34727.0,4961.0,
422,2021-04-27,6748,2021-04-25,1 wk ahead inc case,42,point,,34727.0,4961.0,
423,2021-04-28,7612,2021-04-25,1 wk ahead inc case,42,point,,34727.0,4961.0,
424,2021-04-29,8930,2021-04-25,1 wk ahead inc case,42,point,,34727.0,4961.0,
425,2021-04-30,6206,2021-04-25,1 wk ahead inc case,42,point,,34727.0,4961.0,
426,2021-05-01,4954,2021-04-25,1 wk ahead inc case,42,point,,34727.0,4961.0,4954.0
427,2021-05-02,3340,2021-05-02,1 wk ahead inc case,42,point,,24526.0,3503.714285714286,
428,2021-05-03,6638,2021-05-02,1 wk ahead inc case,42,point,,24526.0,3503.714285714286,
429,2021-05-04,5614,2021-05-02,1 wk ahead inc case,42,point,,24526.0,3503.714285714286,
430,2021-05-05,4936,2021-05-02,1 wk ahead inc case,42,point,,24526.0,3503.714285714286,
431,2021-05-06,6160,2021-05-02,1 wk ahead inc case,42,point,,24526.0,3503.714285714286,
432,2021-05-07,5202,2021-05-02,1 wk ahead inc case,42,point,,24526.0,3503.714285714286,
433,2021-05-08,2618,2021-05-02,1 wk ahead inc case,42,point,,24526.0,3503.714285714286,2618.0
434,2021-05-09,2020,2021-05-09,1 wk ahead inc case,42,point,,17626.6,2518.085714285714,
435,2021-05-10,5344,2021-05-09,1 wk ahead inc case,42,point,,17626.6,2518.085714285714,
436,2021-05-11,4324,2021-05-09,1 wk ahead inc case,42,point,,17626.6,2518.085714285714,
437,2021-05-12,4262,2021-05-09,1 wk ahead inc case,42,point,,17626.6,2518.085714285714,
438,2021-05-13,3736,2021-05-09,1 wk ahead inc case,42,point,,17626.6,2518.085714285714,
439,2021-05-14,3978,2021-05-09,1 wk ahead inc case,42,point,,17626.6,2518.085714285714,
440,2021-05-15,2140,2021-05-09,1 wk ahead inc case,42,point,,17626.6,2518.085714285714,2140.0
441,2021-05-16,1630,2021-05-16,1 wk ahead inc case,42,point,,11453.3,1636.185714285714,
442,2021-05-17,3930,2021-05-16,1 wk ahead inc case,42,point,,11453.3,1636.185714285714,
443,2021-05-18,2554,2021-05-16,1 wk ahead inc case,42,point,,11453.3,1636.185714285714,
444,2021-05-19,2854,2021-05-16,1 wk ahead inc case,42,point,,11453.3,1636.185714285714,
445,2021-05-20,4094,2021-05-16,1 wk ahead inc case,42,point,,11453.3,1636.185714285714,
446,2021-05-21,2772,2021-05-16,1 wk ahead inc case,42,point,,11453.3,1636.185714285714,
447,2021-05-22,1920,2021-05-16,1 wk ahead inc case,42,point,,11453.3,1636.185714285714,1920.0
448,2021-05-23,1272,2021-05-23,1 wk ahead inc case,42,point,,8043.0,1149.0,
449,2021-05-24,2486,2021-05-23,1 wk ahead inc case,42,point,,8043.0,1149.0,
450,2021-05-25,2244,2021-05-23,1 wk ahead inc case,42,point,,8043.0,1149.0,
451,2021-05-26,2036,2021-05-23,1 wk ahead inc case,42,point,,8043.0,1149.0,
452,2021-05-27,2132,2021-05-23,1 wk ahead inc case,42,point,,8043.0,1149.0,
453,2021-05-28,1682,2021-05-23,1 wk ahead inc case,42,point,,8043.0,1149.0,
454,2021-05-29,1034,2021-05-23,1 wk ahead inc case,42,point,,8043.0,1149.0,1034.0
455,2021-05-30,842,2021-05-30,1 wk ahead inc case,42,point,,6405.9,915.1285714285714,
456,2021-05-31,1020,2021-05-30,1 wk ahead inc case,42,point,,6405.9,915.1285714285714,
457,2021-06-01,1560,2021-05-30,1 wk ahead inc case,42,point,,6405.9,915.1285714285714,
458,2021-06-02,1274,2021-05-30,1 wk ahead inc case,42,point,,6405.9,915.1285714285714,
459,2021-06-03,1652,2021-05-30,1 wk ahead inc case,42,point,,6405.9,915.1285714285714,
460,2021-06-04,1334,2021-05-30,1 wk ahead inc case,42,point,,6405.9,915.1285714285714,
461,2021-06-05,790,2021-05-30,1 wk ahead inc case,42,point,,6405.9,915.1285714285714,790.0
462,2021-06-06,486,2021-06-06,1 wk ahead inc case,42,point,,3325.0,475.0,
463,2021-06-07,1322,2021-06-06,1 wk ahead inc case,42,point,,3325.0,475.0,
464,2021-06-08,900,2021-06-06,1 wk ahead inc case,42,point,,3325.0,475.0,
465,2021-06-09,1192,2021-06-06,1 wk ahead inc case,42,point,,3325.0,475.0,
466,2021-06-10,926,2021-06-06,1 wk ahead inc case,42,point,,3325.0,475.0,
467,2021-06-11,740,2021-06-06,1 wk ahead inc case,42,point,,3325.0,475.0,
468,2021-06-12,406,2021-06-06,1 wk ahead inc case,42,point,,3325.0,475.0,406.0
469,2021-06-13,362,2021-06-13,1 wk ahead inc case,42,point,,2927.6,418.2285714285714,
470,2021-06-14,942,2021-06-13,1 wk ahead inc case,42,point,,2927.6,418.2285714285714,
471,2021-06-15,564,2021-06-13,1 wk ahead inc case,42,point,,2927.6,418.2285714285714,
472,2021-06-16,668,2021-06-13,1 wk ahead inc case,42,point,,2927.6,418.2285714285714,
473,2021-06-17,608,2021-06-13,1 wk ahead inc case,42,point,,2927.6,418.2285714285714,
474,2021-06-18,512,2021-06-13,1 wk ahead inc case,42,point,,2927.6,418.2285714285714,
475,2021-06-19,266,2021-06-13,1 wk ahead inc case,42,point,,2927.6,418.2285714285714,266.0
476,2021-06-20,234,2021-06-20,1 wk ahead inc case,42,point,,1878.9,268.4142857142857,
477,2021-06-21,538,2021-06-20,1 wk ahead inc case,42,point,,1878.9,268.4142857142857,
478,2021-06-22,496,2021-06-20,1 wk ahead inc case,42,point,,1878.9,268.4142857142857,
479,2021-06-23,454,2021-06-20,1 wk ahead inc case,42,point,,1878.9,268.4142857142857,
480,2021-06-24,428,2021-06-20,1 wk ahead inc case,42,point,,1878.9,268.4142857142857,
481,2021-06-25,408,2021-06-20,1 wk ahead inc case,42,point,,1878.9,268.4142857142857,
482,2021-06-26,280,2021-06-20,1 wk ahead inc case,42,point,,1878.9,268.4142857142857,280.0
483,2021-06-27,186,2021-06-27,1 wk ahead inc case,42,point,,1644.9,234.9857142857143,
484,2021-06-28,404,2021-06-27,1 wk ahead inc case,42,point,,1644.9,234.9857142857143,
485,2021-06-29,384,2021-06-27,1 wk ahead inc case,42,point,,1644.9,234.9857142857143,
486,2021-06-30,386,2021-06-27,1 wk ahead inc case,42,point,,1644.9,234.9857142857143,
487,2021-07-01,358,2021-06-27,1 wk ahead inc case,42,point,,1644.9,234.9857142857143,
488,2021-07-02,466,2021-06-27,1 wk ahead inc case,42,point,,1644.9,234.9857142857143,
489,2021-07-03,298,2021-06-27,1 wk ahead inc case,42,point,,1644.9,234.9857142857143,298.0
490,2021-07-04,246,2021-07-04,1 wk ahead inc case,42,point,,993.9,141.9857142857143,
491,2021-07-05,212,2021-07-04,1 wk ahead inc case,42,point,,993.9,141.9857142857143,
492,2021-07-06,412,2021-07-04,1 wk ahead inc case,42,point,,993.9,141.9857142857143,
493,2021-07-07,518,2021-07-04,1 wk ahead inc case,42,point,,993.9,141.9857142857143,
494,2021-07-08,492,2021-07-04,1 wk ahead inc case,42,point,,993.9,141.9857142857143,
495,2021-07-09,550,2021-07-04,1 wk ahead inc case,42,point,,993.9,141.9857142857143,
496,2021-07-10,410,2021-07-04,1 wk ahead inc case,42,point,,993.9,141.9857142857143,410.0
497,2021-07-11,274,2021-07-11,1 wk ahead inc case,42,point,,1114.6,159.22857142857143,
498,2021-07-12,710,2021-07-11,1 wk ahead inc case,42,point,,1114.6,159.22857142857143,
499,2021-07-13,648,2021-07-11,1 wk ahead inc case,42,point,,1114.6,159.22857142857143,
500,2021-07-14,862,2021-07-11,1 wk ahead inc case,42,point,,1114.6,159.22857142857143,
501,2021-07-15,882,2021-07-11,1 wk ahead inc case,42,point,,1114.6,159.22857142857143,
502,2021-07-16,898,2021-07-11,1 wk ahead inc case,42,point,,1114.6,159.22857142857143,
503,2021-07-17,688,2021-07-11,1 wk ahead inc case,42,point,,1114.6,159.22857142857143,688.0
504,2021-07-18,494,2021-07-18,1 wk ahead inc case,42,point,,1369.0,195.57142857142858,
505,2021-07-19,1210,2021-07-18,1 wk ahead inc case,42,point,,1369.0,195.57142857142858,
506,2021-07-20,1140,2021-07-18,1 wk ahead inc case,42,point,,1369.0,195.57142857142858,
507,2021-07-21,1176,2021-07-18,1 wk ahead inc case,42,point,,1369.0,195.57142857142858,
508,2021-07-22,1304,2021-07-18,1 wk ahead inc case,42,point,,1369.0,195.57142857142858,
509,2021-07-23,1340,2021-07-18,1 wk ahead inc case,42,point,,1369.0,195.57142857142858,
510,2021-07-24,1198,2021-07-18,1 wk ahead inc case,42,point,,1369.0,195.57142857142858,1198.0
511,2021-07-25,870,2021-07-25,1 wk ahead inc case,42,point,,1976.6,282.37142857142857,
512,2021-07-26,2152,2021-07-25,1 wk ahead inc case,42,point,,1976.6,282.37142857142857,
513,2021-07-27,1662,2021-07-25,1 wk ahead inc case,42,point,,1976.6,282.37142857142857,
514,2021-07-28,2172,2021-07-25,1 wk ahead inc case,42,point,,1976.6,282.37142857142857,
515,2021-07-29,2118,2021-07-25,1 wk ahead inc case,42,point,,1976.6,282.37142857142857,
516,2021-07-30,2392,2021-07-25,1 wk ahead inc case,42,point,,1976.6,282.37142857142857,
517,2021-07-31,1992,2021-07-25,1 wk ahead inc case,42,point,,1976.6,282.37142857142857,1992.0
518,2021-08-01,1780,2021-08-01,1 wk ahead inc case,42,point,,7819.7,1117.1,
519,2021-08-02,3150,2021-08-01,1 wk ahead inc case,42,point,,7819.7,1117.1,
520,2021-08-03,2894,2021-08-01,1 wk ahead inc case,42,point,,7819.7,1117.1,
521,2021-08-04,3714,2021-08-01,1 wk ahead inc case,42,point,,7819.7,1117.1,
522,2021-08-05,3510,2021-08-01,1 wk ahead inc case,42,point,,7819.7,1117.1,
523,2021-08-06,3422,2021-08-01,1 wk ahead inc case,42,point,,7819.7,1117.1,
524,2021-08-07,2562,2021-08-01,1 wk ahead inc case,42,point,,7819.7,1117.1,2562.0
525,2021-08-08,2224,2021-08-08,1 wk ahead inc case,42,point,,13607.6,1943.9428571428573,
526,2021-08-09,4278,2021-08-08,1 wk ahead inc case,42,point,,13607.6,1943.9428571428573,
527,2021-08-10,3802,2021-08-08,1 wk ahead inc case,42,point,,13607.6,1943.9428571428573,
528,2021-08-11,4716,2021-08-08,1 wk ahead inc case,42,point,,13607.6,1943.9428571428573,
529,2021-08-12,4138,2021-08-08,1 wk ahead inc case,42,point,,13607.6,1943.9428571428573,
530,2021-08-13,4570,2021-08-08,1 wk ahead inc case,42,point,,13607.6,1943.9428571428573,
531,2021-08-14,4268,2021-08-08,1 wk ahead inc case,42,point,,13607.6,1943.9428571428573,4268.0
532,2021-08-15,2568,2021-08-15,1 wk ahead inc case,42,point,,17226.2,2460.8857142857146,
533,2021-08-16,5212,2021-08-15,1 wk ahead inc case,42,point,,17226.2,2460.8857142857146,
534,2021-08-17,4468,2021-08-15,1 wk ahead inc case,42,point,,17226.2,2460.8857142857146,
535,2021-08-18,7926,2021-08-15,1 wk ahead inc case,42,point,,17226.2,2460.8857142857146,
536,2021-08-19,5012,2021-08-15,1 wk ahead inc case,42,point,,17226.2,2460.8857142857146,
537,2021-08-20,5614,2021-08-15,1 wk ahead inc case,42,point,,17226.2,2460.8857142857146,
538,2021-08-21,4386,2021-08-15,1 wk ahead inc case,42,point,,17226.2,2460.8857142857146,4386.0
539,2021-08-22,3648,2021-08-22,1 wk ahead inc case,42,point,,23270.7,3324.3857142857146,
540,2021-08-23,6174,2021-08-22,1 wk ahead inc case,42,point,,23270.7,3324.3857142857146,
541,2021-08-24,7394,2021-08-22,1 wk ahead inc case,42,point,,23270.7,3324.3857142857146,
542,2021-08-25,6496,2021-08-22,1 wk ahead inc case,42,point,,23270.7,3324.3857142857146,
543,2021-08-26,7936,2021-08-22,1 wk ahead inc case,42,point,,23270.7,3324.3857142857146,
544,2021-08-27,7720,2021-08-22,1 wk ahead inc case,42,point,,23270.7,3324.3857142857146,
545,2021-08-28,5182,2021-08-22,1 wk ahead inc case,42,point,,23270.7,3324.3857142857146,5182.0
546,2021-08-29,5086,2021-08-29,1 wk ahead inc case,42,point,,25658.2,3665.457142857143,
547,2021-08-30,7158,2021-08-29,1 wk ahead inc case,42,point,,25658.2,3665.457142857143,
548,2021-08-31,7864,2021-08-29,1 wk ahead inc case,42,point,,25658.2,3665.457142857143,
549,2021-09-01,7454,2021-08-29,1 wk ahead inc case,42,point,,25658.2,3665.457142857143,
550,2021-09-02,8134,2021-08-29,1 wk ahead inc case,42,point,,25658.2,3665.457142857143,
551,2021-09-03,9322,2021-08-29,1 wk ahead inc case,42,point,,25658.2,3665.457142857143,
552,2021-09-04,6222,2021-08-29,1 wk ahead inc case,42,point,,25658.2,3665.457142857143,6222.0
553,2021-09-05,4978,2021-09-05,1 wk ahead inc case,42,point,,29990.8,4284.4,
554,2021-09-06,4634,2021-09-05,1 wk ahead inc case,42,point,,29990.8,4284.4,
555,2021-09-07,10070,2021-09-05,1 wk ahead inc case,42,point,,29990.8,4284.4,
556,2021-09-08,8686,2021-09-05,1 wk ahead inc case,42,point,,29990.8,4284.4,
557,2021-09-09,10392,2021-09-05,1 wk ahead inc case,42,point,,29990.8,4284.4,
558,2021-09-10,10810,2021-09-05,1 wk ahead inc case,42,point,,29990.8,4284.4,
559,2021-09-11,7566,2021-09-05,1 wk ahead inc case,42,point,,29990.8,4284.4,7566.0
560,2021-09-12,6262,2021-09-12,1 wk ahead inc case,42,point,,30161.5,4308.785714285715,
561,2021-09-13,9462,2021-09-12,1 wk ahead inc case,42,point,,30161.5,4308.785714285715,
562,2021-09-14,8068,2021-09-12,1 wk ahead inc case,42,point,,30161.5,4308.785714285715,
563,2021-09-15,12578,2021-09-12,1 wk ahead inc case,42,point,,30161.5,4308.785714285715,
564,2021-09-16,11474,2021-09-12,1 wk ahead inc case,42,point,,30161.5,4308.785714285715,
565,2021-09-17,10624,2021-09-12,1 wk ahead inc case,42,point,,30161.5,4308.785714285715,
566,2021-09-18,9054,2021-09-12,1 wk ahead inc case,42,point,,30161.5,4308.785714285715,9054.0
567,2021-09-19,5102,2021-09-19,1 wk ahead inc case,42,point,,35516.0,5073.714285714285,
568,2021-09-20,9746,2021-09-19,1 wk ahead inc case,42,point,,35516.0,5073.714285714285,
569,2021-09-21,9208,2021-09-19,1 wk ahead inc case,42,point,,35516.0,5073.714285714285,
570,2021-09-22,11220,2021-09-19,1 wk ahead inc case,42,point,,35516.0,5073.714285714285,
571,2021-09-23,10198,2021-09-19,1 wk ahead inc case,42,point,,35516.0,5073.714285714285,
572,2021-09-24,10744,2021-09-19,1 wk ahead inc case,42,point,,35516.0,5073.714285714285,
573,2021-09-25,8396,2021-09-19,1 wk ahead inc case,42,point,,35516.0,5073.714285714285,8396.0
574,2021-09-26,6128,2021-09-26,1 wk ahead inc case,42,point,,33410.2,4772.885714285714,
575,2021-09-27,10676,2021-09-26,1 wk ahead inc case,42,point,,33410.2,4772.885714285714,
576,2021-09-28,9728,2021-09-26,1 wk ahead inc case,42,point,,33410.2,4772.885714285714,
577,2021-09-29,9998,2021-09-26,1 wk ahead inc case,42,point,,33410.2,4772.885714285714,
578,2021-09-30,10922,2021-09-26,1 wk ahead inc case,42,point,,33410.2,4772.885714285714,
579,2021-10-01,8078,2021-09-26,1 wk ahead inc case,42,point,,33410.2,4772.885714285714,
580,2021-10-02,11594,2021-09-26,1 wk ahead inc case,42,point,,33410.2,4772.885714285714,11594.0
581,2021-10-03,7936,2021-10-03,1 wk ahead inc case,42,point,,31359.4,4479.914285714286,
582,2021-10-04,9636,2021-10-03,1 wk ahead inc case,42,point,,31359.4,4479.914285714286,
583,2021-10-05,9860,2021-10-03,1 wk ahead inc case,42,point,,31359.4,4479.914285714286,
584,2021-10-06,12568,2021-10-03,1 wk ahead inc case,42,point,,31359.4,4479.914285714286,
585,2021-10-07,11068,2021-10-03,1 wk ahead inc case,42,point,,31359.4,4479.914285714286,
586,2021-10-08,10984,2021-10-03,1 wk ahead inc case,42,point,,31359.4,4479.914285714286,
587,2021-10-09,8128,2021-10-03,1 wk ahead inc case,42,point,,31359.4,4479.914285714286,8128.0
588,2021-10-10,5506,2021-10-10,1 wk ahead inc case,42,point,,33459.9,4779.9857142857145,
589,2021-10-11,9304,2021-10-10,1 wk ahead inc case,42,point,,33459.9,4779.9857142857145,
590,2021-10-12,9558,2021-10-10,1 wk ahead inc case,42,point,,33459.9,4779.9857142857145,
591,2021-10-13,11388,2021-10-10,1 wk ahead inc case,42,point,,33459.9,4779.9857142857145,
592,2021-10-14,10456,2021-10-10,1 wk ahead inc case,42,point,,33459.9,4779.9857142857145,
593,2021-10-15,9540,2021-10-10,1 wk ahead inc case,42,point,,33459.9,4779.9857142857145,
594,2021-10-16,7386,2021-10-10,1 wk ahead inc case,42,point,,33459.9,4779.9857142857145,7386.0
595,2021-10-17,5866,2021-10-17,1 wk ahead inc case,42,point,,30840.3,4405.757142857143,
596,2021-10-18,7740,2021-10-17,1 wk ahead inc case,42,point,,30840.3,4405.757142857143,
597,2021-10-19,8882,2021-10-17,1 wk ahead inc case,42,point,,30840.3,4405.757142857143,
598,2021-10-20,8694,2021-10-17,1 wk ahead inc case,42,point,,30840.3,4405.757142857143,
599,2021-10-21,9304,2021-10-17,1 wk ahead inc case,42,point,,30840.3,4405.757142857143,
600,2021-10-22,9856,2021-10-17,1 wk ahead inc case,42,point,,30840.3,4405.757142857143,
601,2021-10-23,5936,2021-10-17,1 wk ahead inc case,42,point,,30840.3,4405.757142857143,5936.0
602,2021-10-24,5004,2021-10-24,1 wk ahead inc case,42,point,,26377.5,3768.214285714286,
603,2021-10-25,7506,2021-10-24,1 wk ahead inc case,42,point,,26377.5,3768.214285714286,
604,2021-10-26,9048,2021-10-24,1 wk ahead inc case,42,point,,26377.5,3768.214285714286,
605,2021-10-27,8890,2021-10-24,1 wk ahead inc case,42,point,,26377.5,3768.214285714286,
606,2021-10-28,9404,2021-10-24,1 wk ahead inc case,42,point,,26377.5,3768.214285714286,
607,2021-10-29,8926,2021-10-24,1 wk ahead inc case,42,point,,26377.5,3768.214285714286,
608,2021-10-30,6064,2021-10-24,1 wk ahead inc case,42,point,,26377.5,3768.214285714286,6064.0
609,2021-10-31,5042,2021-10-31,1 wk ahead inc case,42,point,,24728.9,3532.7000000000003,
610,2021-11-01,7430,2021-10-31,1 wk ahead inc case,42,point,,24728.9,3532.7000000000003,
611,2021-11-02,8202,2021-10-31,1 wk ahead inc case,42,point,,24728.9,3532.7000000000003,
612,2021-11-03,10148,2021-10-31,1 wk ahead inc case,42,point,,24728.9,3532.7000000000003,
613,2021-11-04,10732,2021-10-31,1 wk ahead inc case,42,point,,24728.9,3532.7000000000003,
614,2021-11-05,9780,2021-10-31,1 wk ahead inc case,42,point,,24728.9,3532.7000000000003,
615,2021-11-06,7818,2021-10-31,1 wk ahead inc case,42,point,,24728.9,3532.7000000000003,7818.0
616,2021-11-07,6056,2021-11-07,1 wk ahead inc case,42,point,,25759.4,3679.914285714286,
617,2021-11-08,8076,2021-11-07,1 wk ahead inc case,42,point,,25759.4,3679.914285714286,
618,2021-11-09,10598,2021-11-07,1 wk ahead inc case,42,point,,25759.4,3679.914285714286,
619,2021-11-10,11298,2021-11-07,1 wk ahead inc case,42,point,,25759.4,3679.914285714286,
620,2021-11-11,12918,2021-11-07,1 wk ahead inc case,42,point,,25759.4,3679.914285714286,
621,2021-11-12,11282,2021-11-07,1 wk ahead inc case,42,point,,25759.4,3679.914285714286,
622,2021-11-13,9280,2021-11-07,1 wk ahead inc case,42,point,,25759.4,3679.914285714286,9280.0
623,2021-11-14,6452,2021-11-14,1 wk ahead inc case,42,point,,34249.9,4892.842857142858,
624,2021-11-15,12910,2021-11-14,1 wk ahead inc case,42,point,,34249.9,4892.842857142858,
625,2021-11-16,11348,2021-11-14,1 wk ahead inc case,42,point,,34249.9,4892.842857142858,
626,2021-11-17,15068,2021-11-14,1 wk ahead inc case,42,point,,34249.9,4892.842857142858,
627,2021-11-18,13802,2021-11-14,1 wk ahead inc case,42,point,,34249.9,4892.842857142858,
628,2021-11-19,13114,2021-11-14,1 wk ahead inc case,42,point,,34249.9,4892.842857142858,
629,2021-11-20,9174,2021-11-14,1 wk ahead inc case,42,point,,34249.9,4892.842857142858,9174.0
630,2021-11-21,11486,2021-11-21,1 wk ahead inc case,42,point,,41581.7,5940.242857142856,
631,2021-11-22,11678,2021-11-21,1 wk ahead inc case,42,point,,41581.7,5940.242857142856,
632,2021-11-23,14066,2021-11-21,1 wk ahead inc case,42,point,,41581.7,5940.242857142856,
633,2021-11-24,13940,2021-11-21,1 wk ahead inc case,42,point,,41581.7,5940.242857142856,
634,2021-11-25,11372,2021-11-21,1 wk ahead inc case,42,point,,41581.7,5940.242857142856,
635,2021-11-26,9532,2021-11-21,1 wk ahead inc case,42,point,,41581.7,5940.242857142856,
636,2021-11-27,7876,2021-11-21,1 wk ahead inc case,42,point,,41581.7,5940.242857142856,7876.0
637,2021-11-28,10574,2021-11-28,1 wk ahead inc case,42,point,,63031.7,9004.528571428571,
638,2021-11-29,12574,2021-11-28,1 wk ahead inc case,42,point,,63031.7,9004.528571428571,
639,2021-11-30,14556,2021-11-28,1 wk ahead inc case,42,point,,63031.7,9004.528571428571,
640,2021-12-01,18598,2021-11-28,1 wk ahead inc case,42,point,,63031.7,9004.528571428571,
641,2021-12-02,21826,2021-11-28,1 wk ahead inc case,42,point,,63031.7,9004.528571428571,
642,2021-12-03,17074,2021-11-28,1 wk ahead inc case,42,point,,63031.7,9004.528571428571,
643,2021-12-04,11840,2021-11-28,1 wk ahead inc case,42,point,,63031.7,9004.528571428571,11840.0
644,2021-12-05,10420,2021-12-05,1 wk ahead inc case,42,point,,48436.2,6919.457142857143,
645,2021-12-06,15242,2021-12-05,1 wk ahead inc case,42,point,,48436.2,6919.457142857143,
646,2021-12-07,14786,2021-12-05,1 wk ahead inc case,42,point,,48436.2,6919.457142857143,
647,2021-12-08,15270,2021-12-05,1 wk ahead inc case,42,point,,48436.2,6919.457142857143,
648,2021-12-09,23096,2021-12-05,1 wk ahead inc case,42,point,,48436.2,6919.457142857143,
649,2021-12-10,21270,2021-12-05,1 wk ahead inc case,42,point,,48436.2,6919.457142857143,
650,2021-12-11,15958,2021-12-05,1 wk ahead inc case,42,point,,48436.2,6919.457142857143,15958.0
651,2021-12-12,10146,2021-12-12,1 wk ahead inc case,42,point,,60956.8,8708.114285714286,
652,2021-12-13,16050,2021-12-12,1 wk ahead inc case,42,point,,60956.8,8708.114285714286,
653,2021-12-14,14240,2021-12-12,1 wk ahead inc case,42,point,,60956.8,8708.114285714286,
654,2021-12-15,15538,2021-12-12,1 wk ahead inc case,42,point,,60956.8,8708.114285714286,
655,2021-12-16,16856,2021-12-12,1 wk ahead inc case,42,point,,60956.8,8708.114285714286,
656,2021-12-17,18232,2021-12-12,1 wk ahead inc case,42,point,,60956.8,8708.114285714286,
657,2021-12-18,13440,2021-12-12,1 wk ahead inc case,42,point,,60956.8,8708.114285714286,13440.0
658,2021-12-19,9368,2021-12-19,1 wk ahead inc case,42,point,,61795.1,8827.871428571429,
659,2021-12-20,17978,2021-12-19,1 wk ahead inc case,42,point,,61795.1,8827.871428571429,
660,2021-12-21,21592,2021-12-19,1 wk ahead inc case,42,point,,61795.1,8827.871428571429,
661,2021-12-22,22204,2021-12-19,1 wk ahead inc case,42,point,,61795.1,8827.871428571429,
662,2021-12-23,27842,2021-12-19,1 wk ahead inc case,42,point,,61795.1,8827.871428571429,
663,2021-12-24,23838,2021-12-19,1 wk ahead inc case,42,point,,61795.1,8827.871428571429,
664,2021-12-25,15482,2021-12-19,1 wk ahead inc case,42,point,,61795.1,8827.871428571429,15482.0
665,2021-12-26,12468,2021-12-27,1 wk ahead inc case,42,point,,60843.3,8691.9,
666,2021-12-27,29440,2021-12-27,1 wk ahead inc case,42,point,,60843.3,8691.9,
667,2021-12-28,31322,2021-12-27,1 wk ahead inc case,42,point,,60843.3,8691.9,
668,2021-12-29,39900,2021-12-27,1 wk ahead inc case,42,point,,60843.3,8691.9,
669,2021-12-30,46420,2021-12-27,1 wk ahead inc case,42,point,,60843.3,8691.9,
670,2021-12-31,49454,2021-12-27,1 wk ahead inc case,42,point,,60843.3,8691.9,
671,2022-01-01,39206,2021-12-27,1 wk ahead inc case,42,point,,60843.3,8691.9,39206.0
672,2022-01-02,35128,2022-01-02,1 wk ahead inc case,42,point,,137227.0,19603.85714285714,
673,2022-01-03,48768,2022-01-02,1 wk ahead inc case,42,point,,137227.0,19603.85714285714,
674,2022-01-04,51898,2022-01-02,1 wk ahead inc case,42,point,,137227.0,19603.85714285714,
675,2022-01-05,61004,2022-01-02,1 wk ahead inc case,42,point,,137227.0,19603.85714285714,
676,2022-01-06,58492,2022-01-02,1 wk ahead inc case,42,point,,137227.0,19603.85714285714,
677,2022-01-07,66840,2022-01-02,1 wk ahead inc case,42,point,,137227.0,19603.85714285714,
678,2022-01-08,56044,2022-01-02,1 wk ahead inc case,42,point,,137227.0,19603.85714285714,56044.0
679,2022-01-09,47170,2022-01-09,1 wk ahead inc case,42,point,,195837.4,27976.77142857143,
680,2022-01-10,56810,2022-01-09,1 wk ahead inc case,42,point,,195837.4,27976.77142857143,
681,2022-01-11,57988,2022-01-09,1 wk ahead inc case,42,point,,195837.4,27976.77142857143,
682,2022-01-12,50830,2022-01-09,1 wk ahead inc case,42,point,,195837.4,27976.77142857143,
683,2022-01-13,52830,2022-01-09,1 wk ahead inc case,42,point,,195837.4,27976.77142857143,
684,2022-01-14,50306,2022-01-09,1 wk ahead inc case,42,point,,195837.4,27976.77142857143,
685,2022-01-15,64518,2022-01-09,1 wk ahead inc case,42,point,,195837.4,27976.77142857143,64518.0
686,2022-01-16,24612,2022-01-16,1 wk ahead inc case,42,point,,144903.7,20700.528571428575,
687,2022-01-17,28170,2022-01-16,1 wk ahead inc case,42,point,,144903.7,20700.528571428575,
688,2022-01-18,38464,2022-01-16,1 wk ahead inc case,42,point,,144903.7,20700.528571428575,
689,2022-01-19,35602,2022-01-16,1 wk ahead inc case,42,point,,144903.7,20700.528571428575,
690,2022-01-20,38122,2022-01-16,1 wk ahead inc case,42,point,,144903.7,20700.528571428575,
691,2022-01-21,36364,2022-01-16,1 wk ahead inc case,42,point,,144903.7,20700.528571428575,
692,2022-01-22,20934,2022-01-16,1 wk ahead inc case,42,point,,144903.7,20700.528571428575,20934.0
693,2022-01-23,16730,2022-01-23,1 wk ahead inc case,42,point,,83370.0,11910.0,
694,2022-01-24,25366,2022-01-23,1 wk ahead inc case,42,point,,83370.0,11910.0,
695,2022-01-25,25486,2022-01-23,1 wk ahead inc case,42,point,,83370.0,11910.0,
696,2022-01-26,33478,2022-01-23,1 wk ahead inc case,42,point,,83370.0,11910.0,
697,2022-01-27,26744,2022-01-23,1 wk ahead inc case,42,point,,83370.0,11910.0,
698,2022-01-28,26218,2022-01-23,1 wk ahead inc case,42,point,,83370.0,11910.0,
699,2022-01-29,13232,2022-01-23,1 wk ahead inc case,42,point,,83370.0,11910.0,13232.0
700,2022-01-30,8718,2022-01-30,1 wk ahead inc case,42,point,,52497.4,7499.628571428571,
701,2022-01-31,12220,2022-01-30,1 wk ahead inc case,42,point,,52497.4,7499.628571428571,
702,2022-02-01,14812,2022-01-30,1 wk ahead inc case,42,point,,52497.4,7499.628571428571,
703,2022-02-02,16196,2022-01-30,1 wk ahead inc case,42,point,,52497.4,7499.628571428571,
704,2022-02-03,13182,2022-01-30,1 wk ahead inc case,42,point,,52497.4,7499.628571428571,
705,2022-02-04,11056,2022-01-30,1 wk ahead inc case,42,point,,52497.4,7499.628571428571,
706,2022-02-05,6390,2022-01-30,1 wk ahead inc case,42,point,,52497.4,7499.628571428571,6390.0
707,2022-02-06,4628,2022-02-06,1 wk ahead inc case,42,point,,32580.8,4654.4,
708,2022-02-07,8298,2022-02-06,1 wk ahead inc case,42,point,,32580.8,4654.4,
709,2022-02-08,9002,2022-02-06,1 wk ahead inc case,42,point,,32580.8,4654.4,
710,2022-02-09,9174,2022-02-06,1 wk ahead inc case,42,point,,32580.8,4654.4,
711,2022-02-10,8074,2022-02-06,1 wk ahead inc case,42,point,,32580.8,4654.4,
712,2022-02-11,9516,2022-02-06,1 wk ahead inc case,42,point,,32580.8,4654.4,
713,2022-02-12,3896,2022-02-06,1 wk ahead inc case,42,point,,32580.8,4654.4,3896.0
714,2022-02-13,3812,2022-02-13,1 wk ahead inc case,42,point,,14416.6,2059.514285714286,
715,2022-02-14,5636,2022-02-13,1 wk ahead inc case,42,point,,14416.6,2059.514285714286,
716,2022-02-15,4890,2022-02-13,1 wk ahead inc case,42,point,,14416.6,2059.514285714286,
717,2022-02-16,7384,2022-02-13,1 wk ahead inc case,42,point,,14416.6,2059.514285714286,
718,2022-02-17,5988,2022-02-13,1 wk ahead inc case,42,point,,14416.6,2059.514285714286,
719,2022-02-18,7464,2022-02-13,1 wk ahead inc case,42,point,,14416.6,2059.514285714286,
720,2022-02-19,2916,2022-02-13,1 wk ahead inc case,42,point,,14416.6,2059.514285714286,2916.0
721,2022-02-20,1874,2022-02-20,1 wk ahead inc case,42,point,,19942.2,2848.8857142857146,
722,2022-02-21,3130,2022-02-20,1 wk ahead inc case,42,point,,19942.2,2848.8857142857146,
723,2022-02-22,3992,2022-02-20,1 wk ahead inc case,42,point,,19942.2,2848.8857142857146,
724,2022-02-23,3894,2022-02-20,1 wk ahead inc case,42,point,,19942.2,2848.8857142857146,
725,2022-02-24,3282,2022-02-20,1 wk ahead inc case,42,point,,19942.2,2848.8857142857146,
726,2022-02-25,4764,2022-02-20,1 wk ahead inc case,42,point,,19942.2,2848.8857142857146,
727,2022-02-26,1598,2022-02-20,1 wk ahead inc case,42,point,,19942.2,2848.8857142857146,1598.0
728,2022-02-27,1240,,,42,,,,,
729,2022-02-28,2664,,,42,,,,,
730,2022-03-01,2430,,,42,,,,,
731,2022-03-02,2180,,,42,,,,,
