,Date,Cum_deaths,7-day Average New Deaths,New Deaths Rate,7-day Average New Death Rate,Total Death Rate
0,2021-01-01,388,426.8,122.58,154.4,9306.47
1,2022-01-01,268,225.0,81.99,86.44,23791.81
2,2021-01-02,372,421.6,126.34,151.59,9432.78
3,2022-01-02,230,225.20000000000002,59.94,79.7,23851.8
4,2021-01-03,352,411.9,129.85,145.23,9562.64
5,2022-01-03,274,234.0,117.64,86.22,23969.39
6,2021-01-04,372,401.59999999999997,156.18,139.17,9718.8
7,2022-01-04,270,241.5,78.46,80.4,24047.85
8,2021-01-05,384,395.9,132.45,141.75,9851.29
9,2022-01-05,238,240.2,87.69,80.3,24135.57
10,2021-01-06,368,386.1,148.92,142.78,10000.16
11,2022-01-06,294,250.9,83.68,83.46,24219.25
12,2021-01-07,340,367.40000000000003,121.59,133.96,10121.8
13,2022-01-07,262,261.8,57.38,80.93,24276.65
14,2021-01-08,332,359.8,113.00999999999999,132.64,10234.79
15,2022-01-08,280,263.6,83.36,81.16,24360.0
16,2021-01-09,346,355.9,116.99,131.3,10351.8
17,2022-01-09,306,274.7,105.05,87.63,24465.06
18,2021-01-10,318,351.5,148.68,133.97,10500.5
19,2022-01-10,264,273.5,87.22999999999999,83.26,24552.32
20,2021-01-11,332,346.0,105.52,126.76,10605.98
21,2022-01-11,348,284.5,87.25,84.51,24639.579999999998
22,2021-01-12,296,333.09999999999997,148.03,128.96,10753.98
23,2022-01-12,274,289.8,84.46,84.05,24724.07
24,2021-01-13,298,322.8,99.46000000000001,121.87,10853.46
25,2022-01-13,330,294.5,87.66,84.64,24811.77
26,2021-01-14,316,319.8,118.03,121.35,10971.5
27,2022-01-14,348,307.0,105.34,91.48,24917.13
28,2021-01-15,314,317.1,116.61,121.92,11088.07
29,2022-01-15,302,310.1,83.64,91.58,25000.74
30,2021-01-16,330,314.8,141.02,125.33,11229.11
31,2022-01-16,282,306.7,68.48,86.31,25069.26
32,2021-01-17,336,317.3,100.75,118.46000000000001,11329.86
33,2022-01-17,302,312.29999999999995,94.31,87.32,25163.53
34,2021-01-18,328,317.0,138.95,123.25999999999999,11468.85
35,2022-01-18,286,303.4,68.03,84.58,25231.6
36,2021-01-19,278,314.2,79.13,113.44,11547.92
37,2022-01-19,326,310.9,71.22,82.69,25302.84
38,2021-01-20,288,312.5,80.48,110.67,11628.43
39,2022-01-20,280,303.4,62.01,79.04,25364.850000000002
40,2021-01-21,270,306.2,86.43,106.19,11714.89
41,2022-01-21,344,303.2,128.04,82.27,25492.93
42,2021-01-22,294,303.2,121.47999999999999,106.84,11836.35
43,2022-01-22,278,299.6,85.89,82.58,25578.82
44,2021-01-23,254,292.90000000000003,99.37,100.94,11935.75
45,2022-01-23,282,299.2,86.99,85.21,25665.82
46,2021-01-24,284,285.2,84.92,98.7,12020.65
47,2022-01-24,292,297.8,68.23,81.49,25734.04
48,2021-01-25,310,282.7,82.32,90.56,12102.99
49,2022-01-25,258,294.09999999999997,73.01,82.21,25807.079999999998
50,2021-01-26,234,276.09999999999997,65.53,88.65,12168.56
51,2022-01-26,260,284.8,70.32000000000001,82.09,25877.38
52,2021-01-27,230,268.0,82.75999999999999,88.97,12251.28
53,2022-01-27,228,277.2,65.52,82.55,25942.91
54,2021-01-28,252,265.3,107.08,91.89,12358.32
55,2022-01-28,230,261.3,72.27,74.62,26015.17
56,2021-01-29,198,251.7,50.51,81.76,12408.8
57,2022-01-29,238,255.3,70.78,72.47,26085.99
58,2021-01-30,198,243.4,60.92,76.25,12469.77
59,2022-01-30,236,248.6,80.75999999999999,71.58,26166.72
60,2021-01-31,198,231.1,52.61,71.69,12522.41
61,2022-01-31,242,241.5,87.59,74.3,26254.29
62,2021-02-01,202,215.7,55.65,67.83,12578.06
63,2022-02-01,250,240.1,75.81,74.71,26330.14
64,2021-02-02,200,210.9,52.45,65.95,12630.45
65,2022-02-02,200,231.9,47.51,71.45,26377.59
66,2021-02-03,206,207.2,49.31,61.2,12679.76
67,2022-02-03,196,227.29999999999998,54.54,69.9,26432.13
68,2021-02-04,164,195.1,44.67,52.3,12724.45
69,2022-02-04,204,223.6,98.75,73.67999999999999,26530.91
70,2021-02-05,168,190.6,59.22,53.55,12783.65
71,2022-02-05,158,212.1,45.18,70.0,26576.08
72,2021-02-06,166,185.6,50.940000000000005,52.12,12834.6
73,2022-02-06,164,201.70000000000002,50.4,65.66,26626.51
74,2021-02-07,144,178.2,34.13,49.47,12868.71
75,2022-02-07,164,190.70000000000002,44.7,59.58,26671.19
76,2021-02-08,172,173.9,45.17,47.96,12913.86
77,2022-02-08,182,180.8,67.07,58.31,26738.21
78,2021-02-09,158,167.9,37.0,45.8,12950.86
79,2022-02-09,136,171.9,52.949999999999996,59.08,26791.15
80,2021-02-10,166,162.4,46.64,45.38,12997.52
81,2022-02-10,156,166.1,45.39,57.78,26836.56
82,2021-02-11,148,160.29999999999998,37.65,44.42,13035.17
83,2022-02-11,166,160.4,68.28999999999999,53.44,26904.85
84,2021-02-12,134,155.20000000000002,22.43,39.16,13057.56
85,2022-02-12,128,156.4,39.29,52.59,26944.14
86,2021-02-13,128,150.0,34.83,36.81,13092.44
87,2022-02-13,144,153.2,64.79,54.59,27008.88
88,2021-02-14,126,146.7,30.68,36.33,13123.1
89,2022-02-14,100,144.1,43.35,54.43,27052.24
90,2021-02-15,132,141.1,33.92,34.7,13156.960000000001
91,2022-02-15,106,133.6,32.08,49.43,27084.29
92,2021-02-16,130,137.3,40.53,35.21,13197.53
93,2022-02-16,102,128.5,41.19,47.78,27125.47
94,2021-02-17,124,131.4,29.12,32.72,13226.64
95,2022-02-17,136,125.6,35.81,46.4,27161.34
96,2021-02-18,104,125.10000000000001,28.45,31.39,13255.07
97,2022-02-18,110,117.9,47.309999999999995,43.410000000000004,27208.68
98,2021-02-19,78,117.0,18.2,30.78,13273.27
99,2022-02-19,90,112.1,34.910000000000004,42.78,27243.55
100,2021-02-20,138,118.39999999999999,63.43,34.89,13336.69
101,2022-02-20,100,106.0,27.28,37.45,27270.82
102,2021-02-21,108,115.6,47.8,37.34,13384.47
103,2022-02-21,100,106.1,27.72,35.15,27298.52
104,2021-02-22,88,109.8,24.65,36.02,13409.09
105,2022-02-22,98,105.0,33.57,35.4,27332.09
106,2021-02-23,112,106.9,27.63,34.160000000000004,13436.7
107,2022-02-23,88,102.9,19.55,32.31,27351.66
108,2021-02-24,90,102.39999999999999,18.98,32.71,13455.66
109,2022-02-24,66,92.7,24.45,30.69,27376.12
110,2021-02-25,92,100.19999999999999,52.53,36.160000000000004,13508.2
111,2022-02-25,74,87.5,25.77,27.63,27401.9
112,2021-02-26,76,100.1,17.13,36.05,13525.34
113,2022-02-26,80,86.0,27.87,26.57,27429.760000000002
114,2021-02-27,78,91.3,21.42,30.06,13546.77
115,2022-02-27,60,80.3,17.74,25.25,27447.5
116,2021-02-28,84,88.1,20.77,26.15,13567.5
117,2022-02-28,74,76.5,17.27,23.73,27464.78
118,2021-03-01,88,88.1,22.91,25.87,13590.45
119,2022-03-01,76,73.5,25.14,22.52,27489.89
120,2021-03-02,64,81.3,21.84,25.09,13612.29
121,2022-03-02,66,70.4,22.41,22.98,27512.29
122,2021-03-03,56,76.7,16.08,24.65,13628.33
123,2022-03-03,64,70.19999999999999,18.55,22.150000000000002,27530.84
124,2021-03-04,80,75.2,16.47,19.52,13644.81
125,2022-03-04,46,66.19999999999999,11.65,20.11,27542.51
126,2021-03-05,64,73.2,26.72,20.88,13671.53
127,2022-03-05,40,60.4,13.06,18.0,27555.54
128,2021-03-06,74,72.7,15.9,20.1,13687.46
129,2022-03-06,34,56.900000000000006,10.0,16.88,27565.6
130,2021-03-07,64,69.89999999999999,15.01,19.28,13702.46
131,2022-03-07,40,51.5,10.7,15.96,27576.31
132,2021-03-08,78,68.3,25.67,19.67,13728.12
133,2022-03-08,46,47.4,12.84,14.22,27589.149999999998
134,2021-03-09,74,69.7,16.0,18.83,13744.14
135,2022-03-09,38,43.4,13.07,12.86,27602.21
136,2021-03-10,70,71.6,16.43,18.89,13760.57
137,2022-03-10,36,39.4,11.15,11.83,27613.36
138,2021-03-11,52,67.6,11.709999999999999,18.23,13772.289999999999
139,2022-03-11,42,39.0,15.459999999999999,12.32,27628.82
140,2021-03-12,50,65.7,11.21,16.03,13783.49
141,2022-03-12,56,41.1,26.45,14.24,27655.29
142,2021-03-13,74,65.8,14.33,15.78,13797.79
143,2022-03-13,30,40.5,31.02,17.23,27686.29
144,2021-03-14,86,68.89999999999999,21.54,16.69,13819.34
145,2022-03-14,50,41.9,18.28,18.330000000000002,27704.579999999998
146,2021-03-15,54,65.6,17.1,15.48,13836.44
147,2022-03-15,22,38.300000000000004,8.68,17.72,27713.27
148,2021-03-16,50,62.0,14.12,15.200000000000001,13850.54
149,2022-03-16,42,39.1,12.969999999999999,17.75,27726.21
150,2021-03-17,40,57.800000000000004,8.969999999999999,14.13,13859.5
151,2022-03-17,44,40.3,12.8,17.97,27739.01
152,2020-03-18,2,0.0,0.34,0.0,0.34
153,2021-03-18,70,60.4,15.03,14.620000000000001,13874.52
154,2022-03-18,32,38.699999999999996,20.29,18.64,27759.29
155,2020-03-19,0,0.0,0.0,0.0,0.34
156,2021-03-19,56,61.1,21.56,16.080000000000002,13896.08
157,2022-03-19,36,35.9,9.54,16.22,27768.82
158,2020-03-20,2,0.0,0.34,0.0,0.68
159,2021-03-20,54,58.1,8.99,15.33,13905.11
160,2022-03-20,36,37.0,16.02,14.08,27784.85
161,2020-03-21,2,0.0,0.09,0.0,0.76
162,2021-03-21,54,53.6,16.6,14.59,13921.69
163,2022-03-21,32,34.4,7.52,12.52,27792.36
164,2020-03-22,6,0.0,1.06,0.0,1.8199999999999998
165,2021-03-22,56,53.800000000000004,14.4,14.200000000000001,13936.1
166,2022-03-22,24,34.6,2.95,11.74,27795.3
167,2020-03-23,10,0.0,1.2999999999999998,0.0,3.12
168,2021-03-23,66,56.0,25.72,15.9,13961.83
169,2022-03-23,26,32.0,9.19,11.21,27804.51
170,2020-03-24,14,0.0,1.4700000000000002,0.0,4.59
171,2021-03-24,62,59.5,17.58,17.14,13979.42
172,2022-03-24,20,28.7,5.84,10.21,27810.35
173,2020-03-25,10,6.0,3.8,1.1600000000000001,8.39
174,2021-03-25,52,56.6,16.25,17.32,13995.68
175,2022-03-25,14,26.0,8.6,8.53,27818.94
176,2020-03-26,14,8.0,1.45,1.3800000000000001,9.82
177,2021-03-26,64,58.0,17.51,16.75,14013.17
178,2022-03-26,28,25.0,9.26,8.48,27828.24
179,2020-03-27,30,12.0,4.199999999999999,1.9100000000000001,14.04
180,2021-03-27,54,57.7,8.69,16.72,14021.88
181,2022-03-27,18,22.6,5.95,7.0600000000000005,27834.2
182,2020-03-28,14,14.0,2.11,2.2,16.16
183,2021-03-28,58,58.099999999999994,16.16,16.63,14038.03
184,2022-03-28,14,20.1,1.0899999999999999,6.12,27835.29
185,2020-03-29,14,15.2,1.8900000000000001,2.33,18.03
186,2021-03-29,50,57.8,12.36,16.32,14050.35
187,2022-03-29,22,19.7,6.03,6.59,27841.32
188,2020-03-30,48,20.5,7.48,3.19,25.509999999999998
189,2021-03-30,62,57.3,15.879999999999999,14.9,14066.23
190,2022-03-30,22,19.3,5.91,6.1000000000000005,27847.23
191,2020-03-31,20,21.1,1.99,3.27,27.48
192,2021-03-31,64,57.6,13.71,14.370000000000001,14079.93
193,2022-03-31,20,19.3,6.8100000000000005,6.23,27854.02
194,2020-04-01,42,25.7,4.15,3.32,31.59
195,2021-04-01,64,59.0,16.93,14.46,14096.85
196,2022-04-01,20,20.5,5.7,5.82,27859.7
197,2020-04-02,66,33.0,9.63,4.5,41.25
198,2021-04-02,82,61.1,20.78,14.92,14117.64
199,2022-04-02,32,20.7,10.3,5.96,27870.04
200,2020-04-03,92,41.9,11.77,5.6,53.03
201,2021-04-03,64,62.8,34.72,18.64,14152.35
202,2022-04-03,16,20.1,4.32,5.74,27874.36
203,2020-04-04,112,55.8,12.57,7.08,65.6
204,2021-04-04,60,63.199999999999996,12.83,18.17,14165.15
205,2022-04-04,16,20.4,6.6899999999999995,6.550000000000001,27881.06
206,2020-04-05,124,71.89999999999999,11.129999999999999,8.39,76.72
207,2021-04-05,60,64.3,14.86,18.52,14180.03
208,2022-04-05,18,19.8,4.01,6.25,27885.05
209,2020-04-06,164,88.3,13.66,9.25,90.37
210,2021-04-06,72,66.1,14.57,18.34,14194.62
211,2022-04-06,18,19.2,4.05,5.99,27889.14
212,2020-04-07,180,111.10000000000001,20.740000000000002,11.96,111.12
213,2021-04-07,80,68.2,14.07,18.39,14208.69
214,2022-04-07,18,19.0,5.54,5.8100000000000005,27894.67
215,2020-04-08,176,130.5,25.12,14.96,136.24
216,2021-04-08,84,71.1,30.07,20.27,14238.82
217,2022-04-08,16,18.5,5.42,5.7700000000000005,27900.1
218,2020-04-09,202,149.6,21.99,16.72,158.24
219,2021-04-09,74,70.1,18.77,20.0,14257.59
220,2022-04-09,14,16.2,10.66,5.82,27910.76
221,2020-04-10,186,163.20000000000002,22.48,18.22,180.71
222,2021-04-10,64,70.19999999999999,17.759999999999998,17.54,14275.35
223,2022-04-10,14,15.899999999999999,3.83,5.74,27914.58
224,2020-04-11,192,174.4,22.56,19.66,203.27
225,2021-04-11,82,73.1,16.3,18.05,14291.67
226,2022-04-11,20,16.4,6.449999999999999,5.69,27921.03
227,2020-04-12,180,182.2,18.23,20.66,221.49
228,2021-04-12,96,77.9,27.57,19.87,14319.24
229,2022-04-12,14,15.6,1.93,5.4,27922.95
230,2020-04-13,218,190.4,29.939999999999998,23.0,251.43
231,2021-04-13,82,79.5,13.96,19.78,14333.16
232,2022-04-13,18,15.7,3.4699999999999998,5.32,27926.41
233,2020-04-14,252,200.6,29.11,24.24,280.55
234,2021-04-14,86,80.7,15.34,19.96,14348.47
235,2022-04-14,20,15.600000000000001,8.61,5.7700000000000005,27935.03
236,2020-04-15,240,209.4,30.17,24.95,310.75
237,2021-04-15,96,82.4,25.07,19.26,14373.56
238,2022-04-15,16,15.700000000000001,8.62,6.2,27943.66
239,2020-04-16,280,220.79999999999998,39.95,27.53,350.72
240,2021-04-16,84,84.0,27.17,20.46,14400.74
241,2022-04-16,6,14.7,1.24,4.88,27944.9
242,2020-04-17,322,240.2,31.439999999999998,28.79,382.15999999999997
243,2021-04-17,92,88.0,23.84,21.28,14424.57
244,2022-04-17,12,14.4,4.41,4.95,27949.29
245,2020-04-18,296,255.4,32.879999999999995,30.27,415.04
246,2021-04-18,84,88.2,19.99,21.8,14444.58
247,2022-04-18,2,11.8,0.54,4.12,27949.84
248,2020-04-19,262,266.9,28.38,31.700000000000003,443.39
249,2021-04-19,104,88.9,30.95,22.3,14475.5
250,2022-04-19,4,10.5,0.8099999999999999,3.95,27950.64
251,2020-04-20,280,275.7,31.62,31.98,475.03
252,2021-04-20,64,86.4,10.0,21.75,14485.48
253,2022-04-20,2,8.299999999999999,1.67,3.69,27952.31
254,2020-04-21,294,281.8,32.04,32.37,507.06
255,2021-04-21,112,90.3,28.8,23.67,14514.289999999999
256,2020-04-22,326,293.9,43.26,34.23,550.32
257,2021-04-22,106,91.5,28.71,24.21,14543.0
258,2020-04-23,290,295.1,39.46,34.15,589.76
259,2021-04-23,86,91.7,42.56999999999999,26.4,14585.58
260,2020-04-24,294,291.4,28.92,33.78,618.68
261,2021-04-24,96,92.4,21.75,26.080000000000002,14607.34
262,2020-04-25,368,301.8,43.13,35.25,661.82
263,2021-04-25,68,90.60000000000001,21.85,26.36,14629.22
264,2020-04-26,252,300.3,35.519999999999996,36.27,697.31
265,2021-04-26,62,84.7,15.34,24.12,14644.57
266,2020-04-27,278,300.0,34.449999999999996,36.65,731.73
267,2021-04-27,76,86.4,19.509999999999998,25.51,14664.06
268,2020-04-28,264,295.5,38.42,37.58,770.15
269,2021-04-28,100,84.69999999999999,34.59,26.32,14698.64
270,2020-04-29,276,288.5,31.51,35.91,801.64
271,2021-04-29,62,78.39999999999999,12.459999999999999,24.0,14711.09
272,2020-04-30,300,289.90000000000003,39.25,35.89,840.86
273,2021-04-30,88,78.60000000000001,19.04,20.64,14730.13
274,2020-05-01,240,282.40000000000003,31.43,36.22,872.3
275,2021-05-01,54,72.6,8.79,18.82,14738.88
276,2020-05-02,226,261.8,28.259999999999998,34.14,900.55
277,2021-05-02,84,74.7,14.75,17.78,14753.68
278,2020-05-03,236,259.59999999999997,30.759999999999998,33.42,931.3
279,2021-05-03,80,77.3,23.33,18.93,14776.98
280,2020-05-04,250,255.5,29.98,32.78,961.26
281,2021-05-04,82,78.2,16.21,18.45,14793.18
282,2020-05-05,258,254.9,31.64,31.82,992.89
283,2021-05-05,86,76.3,18.08,16.06,14811.26
284,2020-05-06,246,250.4,35.77,32.44,1028.69
285,2021-05-06,74,78.0,23.04,17.61,14834.33
286,2020-05-07,234,241.2,31.46,31.34,1060.15
287,2021-05-07,56,73.89999999999999,16.7,17.25,14851.0
288,2020-05-08,236,240.70000000000002,26.21,30.57,1086.34
289,2021-05-08,68,75.89999999999999,11.58,17.65,14862.55
290,2020-05-09,182,234.6,21.8,29.64,1108.16
291,2021-05-09,66,72.8,13.3,17.49,14875.86
292,2020-05-10,216,231.60000000000002,27.169999999999998,29.16,1135.34
293,2021-05-10,68,70.9,17.32,16.62,14893.14
294,2020-05-11,216,226.4,28.89,29.0,1164.24
295,2021-05-11,50,66.2,10.73,15.8,14903.89
296,2020-05-12,184,215.8,26.88,28.31,1191.1200000000001
297,2021-05-12,70,64.1,12.26,14.98,14916.16
298,2020-05-13,188,207.9,26.58,27.01,1217.71
299,2021-05-13,66,63.199999999999996,19.07,14.41,14935.22
300,2020-05-14,220,206.0,31.08,26.939999999999998,1248.79
301,2021-05-14,52,62.9,13.09,13.92,14948.33
302,2020-05-15,196,199.79999999999998,33.82,28.03,1282.57
303,2021-05-15,38,58.6,2.95,12.68,14951.27
304,2020-05-16,186,200.5,24.57,28.439999999999998,1307.17
305,2021-05-16,64,58.0,17.96,13.33,14969.24
306,2020-05-17,150,191.10000000000002,18.02,27.15,1325.21
307,2021-05-17,54,55.6,12.32,12.61,14981.55
308,2020-05-18,140,180.3,18.4,25.64,1343.57
309,2021-05-18,48,55.7,38.75,16.61,15020.31
310,2020-05-19,150,175.4,23.48,25.13,1367.04
311,2021-05-19,64,54.8,14.879999999999999,16.99,15035.21
312,2020-05-20,138,168.3,18.39,23.96,1385.41
313,2021-05-20,52,52.4,10.959999999999999,15.83,15046.17
314,2020-05-21,154,158.79999999999998,19.67,22.35,1405.11
315,2021-05-21,60,53.7,17.15,16.4,15063.32
316,2020-05-22,166,154.4,28.03,21.5,1433.13
317,2021-05-22,52,55.800000000000004,18.31,18.57,15081.64
318,2020-05-23,104,142.79999999999998,15.29,20.2,1448.41
319,2021-05-23,36,51.800000000000004,7.58,17.12,15089.199999999999
320,2020-05-24,100,135.7,12.43,19.41,1460.83
321,2021-05-24,42,49.9,10.46,16.830000000000002,15099.68
322,2020-05-25,120,132.79999999999998,15.129999999999999,18.94,1475.96
323,2021-05-25,44,49.300000000000004,13.459999999999999,13.26,15113.18
324,2020-05-26,90,124.3,11.24,17.17,1487.19
325,2021-05-26,46,47.1,9.41,12.46,15122.61
326,2020-05-27,90,117.6,14.04,16.57,1501.18
327,2021-05-27,44,45.7,14.190000000000001,12.93,15136.76
328,2020-05-28,106,110.7,11.06,15.33,1512.27
329,2021-05-28,36,42.1,9.58,11.85,15146.34
330,2020-05-29,118,103.7,15.03,13.47,1527.3
331,2021-05-29,36,39.6,11.03,10.81,15157.36
332,2020-05-30,70,98.8,11.54,12.93,1538.81
333,2021-05-30,36,39.6,12.91,11.58,15170.289999999999
334,2020-05-31,78,95.8,14.12,13.16,1552.93
335,2021-05-31,38,39.1,5.97,10.95,15176.26
336,2020-06-01,88,91.10000000000001,13.88,13.0,1566.8
337,2021-06-01,40,38.5,26.849999999999998,12.85,15203.1
338,2020-06-02,110,94.2,10.86,12.95,1577.69
339,2021-06-02,32,36.4,10.379999999999999,13.0,15213.48
340,2020-06-03,88,93.8,9.0,12.22,1586.71
341,2021-06-03,32,35.0,7.22,12.01,15220.7
342,2020-06-04,42,84.5,3.94,11.19,1590.66
343,2021-06-04,14,31.7,3.46,11.15,15224.15
344,2020-06-05,70,77.9,11.17,10.65,1601.83
345,2021-06-05,30,30.8,5.13,10.290000000000001,15229.29
346,2020-06-06,60,76.1,11.57,10.69,1613.39
347,2021-06-06,32,30.5,6.22,9.32,15235.5
348,2020-06-07,66,74.2,10.67,10.19,1624.04
349,2021-06-07,24,28.599999999999998,9.89,9.89,15245.4
350,2020-06-08,52,69.2,5.76,9.040000000000001,1629.81
351,2021-06-08,30,27.3,11.42,7.69,15256.8
352,2020-06-09,48,60.6,6.99,8.47,1636.81
353,2021-06-09,22,25.4,5.08,6.93,15261.89
354,2020-06-10,58,56.3,7.75,8.28,1644.55
355,2021-06-10,22,24.0,9.129999999999999,7.19,15271.0
356,2020-06-11,74,60.800000000000004,9.52,9.07,1654.07
357,2021-06-11,42,27.900000000000002,12.06,8.4,15283.07
358,2020-06-12,60,59.4,8.17,8.64,1662.23
359,2021-06-12,20,26.7,5.76,8.47,15288.83
360,2020-06-13,48,57.8,4.68,7.65,1666.91
361,2021-06-13,24,25.3,10.34,9.09,15299.16
362,2020-06-14,42,54.4,9.08,7.41,1675.99
363,2021-06-14,28,26.0,9.72,9.05,15308.9
364,2020-06-15,56,54.900000000000006,7.48,7.68,1683.46
365,2021-06-15,28,25.8,7.95,8.57,15316.85
366,2020-06-16,44,54.5,7.04,7.71,1690.48
367,2021-06-16,30,27.1,24.799999999999997,11.39,15341.63
368,2020-06-17,52,53.3,8.11,7.71,1698.57
369,2021-06-17,16,25.9,25.349999999999998,13.74,15366.98
370,2020-06-18,50,49.8,6.640000000000001,7.32,1705.22
371,2021-06-18,20,22.9,6.26,12.89,15373.25
372,2020-06-19,54,48.9,12.5,7.93,1717.67
373,2021-06-19,12,21.6,7.76,13.19,15381.01
374,2020-06-20,50,49.199999999999996,8.52,8.46,1726.2
375,2021-06-20,16,20.5,7.88,12.84,15388.89
376,2020-06-21,46,49.7,9.61,8.56,1735.8
377,2021-06-21,16,18.900000000000002,4.109999999999999,12.05,15393.0
378,2020-06-22,50,49.1,10.51,8.95,1746.32
379,2021-06-22,22,18.1,12.04,12.620000000000001,15405.04
380,2020-06-23,34,47.6,3.41,8.44,1749.72
381,2021-06-23,14,15.900000000000002,3.7,9.59,15408.72
382,2020-06-24,44,46.5,4.779999999999999,7.97,1754.51
383,2021-06-24,14,15.4,9.16,7.279999999999999,15417.88
384,2020-06-25,36,44.4,5.91,7.88,1760.4
385,2021-06-25,12,14.6,4.25,6.9799999999999995,15422.15
386,2020-06-26,32,41.5,3.4,6.5600000000000005,1763.81
387,2021-06-26,10,14.4,3.94,6.43,15426.09
388,2020-06-27,38,39.7,12.16,7.13,1775.98
389,2021-06-27,14,14.1,3.31,5.79,15429.42
390,2020-06-28,36,38.1,5.7299999999999995,6.58,1781.7
391,2021-06-28,8,12.8,1.3599999999999999,5.4,15430.79
392,2020-06-29,38,36.2,7.21,6.1000000000000005,1788.91
393,2021-06-29,14,11.8,2.37,4.03,15433.16
394,2020-06-30,42,37.400000000000006,7.3,6.66,1796.2
395,2021-06-30,12,11.6,7.25,4.54,15440.41
396,2020-07-01,42,37.2,11.67,7.64,1807.87
397,2021-07-01,4,10.3,0.7899999999999999,3.3400000000000003,15441.19
398,2020-07-02,46,38.6,9.68,8.17,1817.52
399,2021-07-02,16,10.799999999999999,3.0500000000000003,3.16,15444.24
400,2020-07-03,32,38.7,4.58,8.33,1822.11
401,2021-07-03,4,9.6,0.66,2.7,15444.88
402,2020-07-04,32,37.8,5.6899999999999995,7.390000000000001,1827.78
403,2021-07-04,14,9.7,10.85,3.76,15455.76
404,2020-07-05,50,39.800000000000004,5.2,7.32,1832.98
405,2021-07-05,12,10.3,4.18,4.15,15459.95
406,2020-07-06,44,40.800000000000004,5.49,7.05,1838.47
407,2021-07-06,6,9.3,0.79,3.95,15460.74
408,2020-07-07,26,38.4,3.37,6.53,1841.85
409,2021-07-07,8,8.7,1.18,3.09,15461.93
410,2020-07-08,38,37.9,6.84,5.84,1848.7
411,2021-07-08,6,8.9,1.28,3.17,15463.21
412,2020-07-09,26,35.0,3.8899999999999997,5.01,1852.5900000000001
413,2021-07-09,8,7.8,1.65,2.95,15464.87
414,2020-07-10,32,35.199999999999996,6.46,5.27,1859.06
415,2021-07-10,12,8.9,2.3,3.21,15467.17
416,2020-07-11,24,33.7,5.8,5.3,1864.8700000000001
417,2021-07-11,22,10.0,6.390000000000001,2.58,15473.53
418,2020-07-12,22,29.9,6.64,5.51,1871.53
419,2021-07-12,10,9.7,1.7,2.21,15475.25
420,2020-07-13,36,28.900000000000002,5.17,5.46,1876.69
421,2021-07-13,12,10.6,2.42,2.43,15477.68
422,2020-07-14,38,30.3,5.5200000000000005,5.78,1882.19
423,2021-07-14,6,10.3,0.7,2.36,15478.38
424,2020-07-15,32,29.8,5.029999999999999,5.5200000000000005,1887.2
425,2021-07-15,10,10.9,2.39,2.5,15480.77
426,2020-07-16,26,29.900000000000002,4.6,5.61,1891.82
427,2021-07-16,10,11.200000000000001,23.349999999999998,5.61,15504.119999999999
428,2020-07-17,24,28.6,8.7,5.92,1900.51
429,2021-07-17,6,10.200000000000001,1.1800000000000002,5.44,15505.31
430,2020-07-18,34,30.099999999999998,3.91,5.65,1904.44
431,2021-07-18,4,7.6,1.26,4.72,15506.56
432,2020-07-19,28,30.7,11.2,6.3,1915.6399999999999
433,2021-07-19,10,7.8,23.97,7.91,15530.56
434,2020-07-20,16,28.0,2.63,5.93,1918.27
435,2021-07-20,2,6.3999999999999995,0.09,7.57,15530.65
436,2020-07-21,26,26.3,9.55,6.49,1927.83
437,2021-07-21,12,7.3999999999999995,9.64,8.84,15540.28
438,2020-07-22,26,25.5,4.0600000000000005,6.3500000000000005,1931.8799999999999
439,2021-07-22,8,7.0,2.26,8.82,15542.55
440,2020-07-23,30,25.8,5.32,6.46,1937.21
441,2021-07-23,8,6.7,0.59,5.57,15543.13
442,2020-07-24,22,25.5,3.76,5.75,1940.99
443,2021-07-24,16,8.1,5.01,6.12,15548.12
444,2020-07-25,32,25.2,5.57,6.0,1946.56
445,2021-07-25,10,9.0,1.73,6.19,15549.85
446,2020-07-26,22,24.400000000000002,5.6,5.21,1952.17
447,2021-07-26,12,9.4,3.87,3.3200000000000003,15553.72
448,2020-07-27,24,25.5,2.35,5.16,1954.51
449,2021-07-27,10,10.4,1.0,3.44,15554.71
450,2020-07-28,32,26.3,5.08,4.55,1959.63
451,2021-07-28,14,10.7,2.69,2.4299999999999997,15557.41
452,2020-07-29,30,26.8,3.98,4.51,1963.61
453,2021-07-29,6,10.5,0.73,2.21,15558.14
454,2020-07-30,22,25.9,6.79,4.73,1970.3899999999999
455,2021-07-30,22,12.3,6.04,2.99,15564.17
456,2020-07-31,46,29.099999999999998,11.29,5.8100000000000005,1981.69
457,2021-07-31,14,11.9,3.96,2.85,15568.13
458,2020-08-01,26,28.2,2.16,5.3,1983.87
459,2021-08-01,26,14.200000000000001,4.08,3.19,15572.21
460,2020-08-02,38,30.5,7.949999999999999,5.63,1991.82
461,2021-08-02,6,13.600000000000001,1.33,2.82,15573.57
462,2020-08-03,38,32.5,9.06,6.59,2000.88
463,2021-08-03,6,13.1,1.38,2.89,15574.96
464,2020-08-04,20,30.6,3.2699999999999996,6.34,2004.16
465,2021-08-04,16,13.5,2.55,2.88,15577.51
466,2020-08-05,40,31.9,8.61,7.0200000000000005,2012.75
467,2021-08-05,26,16.1,7.87,3.92,15585.41
468,2020-08-06,38,34.7,4.4,6.68,2017.16
469,2021-08-06,28,17.1,7.16,4.0600000000000005,15592.539999999999
470,2020-08-07,72,38.2,11.24,6.66,2028.4
471,2021-08-07,30,19.5,5.87,4.32,15598.41
472,2020-08-08,30,38.9,5.54,7.13,2033.93
473,2021-08-08,12,17.6,2.5,4.1000000000000005,15600.91
474,2020-08-09,40,39.5,5.55,6.8,2039.47
475,2021-08-09,36,22.0,6.35,4.8,15607.24
476,2020-08-10,46,40.5,12.14,7.25,2051.59
477,2021-08-10,28,25.2,6.29,5.5,15613.55
478,2020-08-11,36,42.800000000000004,5.36,7.5600000000000005,2056.94
479,2021-08-11,22,25.9,7.050000000000001,6.140000000000001,15620.6
480,2020-08-12,42,42.9,5.67,7.15,2062.63
481,2021-08-12,16,24.2,4.48,5.67,15625.07
482,2020-08-13,38,42.8,8.68,7.760000000000001,2071.3
483,2021-08-13,30,24.3,6.29,5.57,15631.35
484,2020-08-14,26,36.0,5.16,6.88,2076.47
485,2021-08-14,18,22.6,4.54,5.36,15635.9
486,2020-08-15,22,35.0,9.540000000000001,7.44,2085.96
487,2021-08-15,26,24.8,7.18,6.0200000000000005,15643.06
488,2020-08-16,30,33.9,4.45,7.29,2090.42
489,2021-08-16,30,24.0,5.07,5.83,15648.14
490,2020-08-17,18,29.8,3.44,6.06,2093.89
491,2021-08-17,18,22.0,12.75,6.7700000000000005,15660.9
492,2020-08-18,38,29.9,12.71,7.12,2106.58
493,2021-08-18,38,24.6,12.02,7.48,15672.92
494,2020-08-19,24,27.3,4.68,6.97,2111.2599999999998
495,2021-08-19,42,28.2,16.68,9.19,15689.630000000001
496,2020-08-20,42,28.1,13.06,7.58,2124.33
497,2021-08-20,46,30.6,21.42,11.36,15711.03
498,2020-08-21,24,27.9,3.62,7.37,2127.93
499,2021-08-21,42,33.7,8.49,11.95,15719.52
500,2020-08-22,18,27.5,7.4,7.0600000000000005,2135.33
501,2021-08-22,44,36.4,11.6,12.56,15731.11
502,2020-08-23,24,26.3,2.11,6.72,2137.46
503,2021-08-23,60,41.0,20.97,14.83,15752.1
504,2020-08-24,34,28.5,5.54,7.03,2142.97
505,2021-08-24,52,45.7,16.23,15.32,15768.35
506,2020-08-25,30,27.5,8.21,6.37,2151.21
507,2021-08-25,44,46.4,11.870000000000001,15.31,15780.21
508,2020-08-26,18,26.7,2.68,6.09,2153.87
509,2021-08-26,56,48.6,14.05,14.94,15794.27
510,2020-08-27,26,24.3,7.66,5.32,2161.54
511,2021-08-27,48,48.4,24.84,15.44,15819.12
512,2020-08-28,34,25.7,7.65,5.890000000000001,2169.19
513,2021-08-28,66,52.1,15.31,16.43,15834.42
514,2020-08-29,32,28.2,8.32,6.02,2177.53
515,2021-08-29,56,54.0,13.379999999999999,16.67,15847.78
516,2020-08-30,24,28.2,5.85,6.57,2183.38
517,2021-08-30,74,56.0,39.07,19.23,15886.84
518,2020-08-31,34,27.9,8.28,6.97,2191.65
519,2021-08-31,74,59.1,29.84,21.18,15916.66
520,2020-09-01,12,25.3,2.92,6.23,2194.58
521,2021-09-01,68,62.400000000000006,19.64,22.28,15936.3
522,2020-09-02,34,27.2,9.940000000000001,7.23,2204.53
523,2021-09-02,58,62.4,28.46,24.35,15964.74
524,2020-09-03,22,26.8,4.72,6.82,2209.23
525,2021-09-03,56,63.8,21.189999999999998,23.83,15985.93
526,2020-09-04,24,25.599999999999998,7.619999999999999,6.8100000000000005,2216.87
527,2021-09-04,66,64.3,27.98,25.64,16013.86
528,2020-09-05,22,24.0,3.0,6.0600000000000005,2219.88
529,2021-09-05,78,67.7,20.68,26.67,16034.57
530,2020-09-06,30,24.9,6.32,6.11,2226.19
531,2021-09-06,70,66.4,34.88,26.09,16069.43
532,2020-09-07,20,22.799999999999997,3.6799999999999997,5.46,2229.87
533,2021-09-07,64,65.2,35.63,26.92,16105.04
534,2020-09-08,28,25.2,3.88,5.6000000000000005,2233.75
535,2021-09-08,76,66.39999999999999,28.619999999999997,28.18,16133.66
536,2020-09-09,30,24.6,6.84,5.15,2240.59
537,2021-09-09,58,66.5,13.64,26.05,16147.26
538,2020-09-10,34,26.3,6.59,5.42,2247.18
539,2021-09-10,86,70.7,29.21,27.23,16176.5
540,2020-09-11,24,26.4,3.7399999999999998,4.86,2250.94
541,2021-09-11,74,71.9,25.63,26.89,16202.14
542,2020-09-12,26,26.9,10.299999999999999,5.91,2261.25
543,2021-09-12,96,74.5,48.599999999999994,30.89,16250.72
544,2020-09-13,26,26.6,5.32,5.79,2266.58
545,2021-09-13,82,76.1,33.36,30.64,16284.039999999999
546,2020-09-14,30,27.7,6.93,6.24,2273.52
547,2021-09-14,72,76.89999999999999,31.36,30.06,16315.4
548,2020-09-15,30,28.1,6.449999999999999,6.62,2279.97
549,2021-09-15,68,75.89999999999999,34.08,30.82,16349.48
550,2020-09-16,24,27.3,4.95,6.34,2284.93
551,2021-09-16,80,79.39999999999999,23.21,32.19,16372.72
552,2020-09-17,18,25.0,2.87,5.8,2287.81
553,2021-09-17,92,80.0,30.46,32.42,16403.17
554,2020-09-18,24,24.9,6.07,6.12,2293.89
555,2021-09-18,108,84.8,35.3,33.75,16438.45
556,2020-09-19,20,24.1,4.47,5.300000000000001,2298.36
557,2021-09-19,106,86.4,59.019999999999996,35.19,16497.5
558,2020-09-20,30,25.1,9.99,5.97,2308.34
559,2021-09-20,70,84.4,33.67,35.27,16531.19
560,2020-09-21,22,23.599999999999998,6.21,5.89,2314.52
561,2021-09-21,96,87.8,27.76,34.8,16558.98
562,2020-09-22,30,23.7,8.309999999999999,6.13,2322.84
563,2021-09-22,82,90.4,31.57,34.45,16590.57
564,2020-09-23,24,23.8,8.9,6.69,2331.73
565,2021-09-23,92,92.0,63.63,40.24,16654.2
566,2020-09-24,22,24.1,7.220000000000001,7.32,2338.96
567,2021-09-24,104,93.4,36.26,41.08,16690.48
568,2020-09-25,34,25.6,11.75,8.13,2350.71
569,2021-09-25,130,96.8,53.73,43.730000000000004,16744.170000000002
570,2020-09-26,18,25.5,5.51,8.24,2356.23
571,2021-09-26,102,96.0,48.57,42.16,16792.72
572,2020-09-27,26,24.7,9.8,8.23,2366.02
573,2021-09-27,128,104.6,45.29,43.87,16838.0
574,2020-09-28,34,26.5,9.27,8.66,2375.3
575,2021-09-28,98,104.6,39.4,45.5,16877.45
576,2020-09-29,40,28.0,7.07,8.49,2382.35
577,2021-09-29,114,109.39999999999999,49.32,48.03,16926.77
578,2020-09-30,44,30.8,14.47,9.3,2396.8
579,2021-09-30,112,112.5,52.86,46.49,16979.65
580,2020-10-01,40,33.5,15.05,10.4,2411.84
581,2021-10-01,144,118.1,45.52,47.83,17025.14
582,2020-10-02,32,32.9,20.82,11.68,2432.6800000000003
583,2021-10-02,122,116.6,46.44,46.74,17071.57
584,2020-10-03,26,34.1,3.3000000000000003,11.389999999999999,2435.96
585,2021-10-03,156,124.8,57.24,48.06,17128.85
586,2020-10-04,42,36.199999999999996,20.45,12.9,2456.38
587,2021-10-04,94,120.3,29.41,45.78,17158.22
588,2020-10-05,46,38.2,16.29,13.93,2472.68
589,2021-10-05,128,124.1,45.43,46.65,17203.69
590,2020-10-06,30,36.6,8.07,14.07,2480.7200000000003
591,2021-10-06,166,131.10000000000002,88.57,52.2,17292.28
592,2020-10-07,42,36.1,11.48,13.63,2492.23
593,2021-10-07,126,133.5,37.54,50.01,17329.84
594,2020-10-08,38,36.2,27.649999999999995,15.44,2519.84
595,2021-10-08,132,131.7,69.51,53.42,17399.32
596,2020-10-09,38,36.9,9.41,13.82,2529.27
597,2021-10-09,134,133.20000000000002,69.3,56.72,17468.6
598,2020-10-10,52,40.6,22.97,16.61,2552.21
599,2021-10-10,120,127.89999999999999,48.17,55.410000000000004,17516.77
600,2020-10-11,32,39.3,7.05,14.72,2559.26
601,2021-10-11,126,132.79999999999998,55.62,59.14,17572.39
602,2020-10-12,34,37.4,18.12,14.99,2577.37
603,2021-10-12,156,137.2,72.85,63.04,17645.25
604,2020-10-13,30,37.3,6.54,14.76,2583.92
605,2021-10-13,144,133.70000000000002,67.95,60.13,17713.18
606,2020-10-14,52,38.8,17.36,15.62,2601.23
607,2021-10-14,156,138.0,74.89999999999999,65.44,17788.1
608,2020-10-15,58,41.6,17.78,14.2,2619.0
609,2021-10-15,138,138.79999999999998,54.14,63.3,17842.21
610,2020-10-16,42,42.3,17.88,15.42,2636.88
611,2021-10-16,134,139.1,56.47,61.46,17898.670000000002
612,2020-10-17,44,41.49999999999999,15.18,14.28,2652.1
613,2021-10-17,138,141.20000000000002,64.55,63.79,17963.22
614,2020-10-18,48,43.699999999999996,24.45,16.75,2676.56
615,2021-10-18,106,138.6,58.3,64.17,18021.52
616,2020-10-19,54,46.4,25.45,17.81,2701.96
617,2021-10-19,136,136.0,60.82,62.48,18082.29
618,2020-10-20,52,49.4,27.49,20.8,2729.46
619,2021-10-20,146,136.29999999999998,60.45,61.39,18142.75
620,2020-10-21,54,49.900000000000006,26.02,22.04,2755.46
621,2021-10-21,128,132.29999999999998,53.38,58.339999999999996,18196.14
622,2020-10-22,42,47.2,6.6,20.44,2762.07
623,2021-10-22,144,133.6,56.0,58.56,18252.17
624,2020-10-23,46,48.1,19.98,20.73,2782.03
625,2021-10-23,154,136.1,72.48,60.86,18324.63
626,2020-10-24,46,48.5,11.469999999999999,20.19,2793.5
627,2021-10-24,160,139.2,64.82,60.88,18389.5
628,2020-10-25,34,46.4,12.27,18.46,2805.78
629,2021-10-25,162,147.0,72.47,62.97,18461.99
630,2020-10-26,46,45.5,12.020000000000001,16.55,2817.79
631,2021-10-26,146,148.79999999999998,51.55,61.64,18513.52
632,2020-10-27,52,45.199999999999996,22.740000000000002,15.870000000000001,2840.52
633,2021-10-27,142,148.0,63.61,62.06,18577.11
634,2020-10-28,78,48.5,22.15,15.3,2862.68
635,2021-10-28,130,147.79999999999998,55.24,62.32,18632.33
636,2020-10-29,64,51.6,22.61,17.59,2885.3
637,2021-10-29,124,145.3,53.84,62.019999999999996,18686.16
638,2020-10-30,48,52.2,19.64,17.56,2904.92
639,2021-10-30,136,142.9,46.160000000000004,58.26,18732.32
640,2020-10-31,64,54.8,18.98,18.65,2923.89
641,2021-10-31,136,139.6,60.71,57.63,18793.01
642,2020-11-01,68,59.9,23.87,20.29,2947.7599999999998
643,2021-11-01,130,134.8,56.49,55.33,18849.49
644,2020-11-02,78,64.5,27.810000000000002,22.54,2975.58
645,2021-11-02,136,133.0,57.32,56.18,18906.82
646,2020-11-03,70,66.89999999999999,28.229999999999997,23.310000000000002,3003.83
647,2021-11-03,114,129.1,52.9,54.67,18959.75
648,2020-11-04,92,68.7,32.41,24.81,3036.24
649,2021-11-04,146,131.4,69.39,56.7,19029.16
650,2020-11-05,114,75.8,42.17,27.57,3078.37
651,2021-11-05,102,128.6,62.779999999999994,57.96,19091.89
652,2020-11-06,84,80.9,29.619999999999997,29.0,3107.95
653,2021-11-06,128,127.4,46.089999999999996,57.97,19137.98
654,2020-11-07,108,87.4,42.25,32.32,3150.2
655,2021-11-07,156,130.0,84.93,61.4,19222.91
656,2020-11-08,100,91.9,43.14,35.11,3193.31
657,2021-11-08,114,127.8,65.35,62.66,19288.25
658,2020-11-09,98,94.7,31.35,35.58,3224.68
659,2021-11-09,118,125.3,72.71,64.9,19360.93
660,2020-11-10,104,99.7,40.63,37.35,3265.3
661,2021-11-10,110,124.8,51.08,64.62,19412.03
662,2020-11-11,98,100.3,31.18,37.17,3296.45
663,2021-11-11,188,130.6,81.54,66.34,19493.57
664,2020-11-12,142,104.6,52.11,38.6,3348.51
665,2021-11-12,124,133.5,47.71,64.2,19541.31
666,2020-11-13,132,111.5,66.02,43.79,3414.53
667,2021-11-13,130,134.4,82.23,69.36,19623.51
668,2020-11-14,168,119.80000000000001,58.28,46.06,3472.78
669,2021-11-14,112,127.7,49.87,64.35,19673.43
670,2020-11-15,156,128.1,68.74,49.72,3541.56
671,2021-11-15,160,134.29999999999998,85.59,67.27,19759.02
672,2020-11-16,198,142.4,67.23,54.839999999999996,3608.82
673,2021-11-16,174,142.2,68.0,66.57,19827.02
674,2020-11-17,174,152.5,62.11,57.92,3670.92
675,2021-11-17,146,147.70000000000002,54.0,67.0,19881.0
676,2020-11-18,162,161.4,62.14,62.339999999999996,3733.08
677,2021-11-18,142,140.79999999999998,59.86,63.88,19940.82
678,2020-11-19,208,170.7,71.37,65.14,3804.45
679,2021-11-19,126,140.7,55.98,65.06,19996.81
680,2020-11-20,186,178.3,72.94,66.14,3877.3199999999997
681,2021-11-20,154,144.8,121.57000000000001,70.65,20118.37
682,2020-11-21,176,179.70000000000002,68.97,67.64,3946.3
683,2021-11-21,152,150.7,78.23,74.76,20196.55
684,2020-11-22,204,186.3,67.03,67.4,4013.36
685,2021-11-22,176,152.70000000000002,75.56,73.32,20272.15
686,2020-11-23,210,188.5,79.95,69.21,4093.36
687,2021-11-23,184,154.1,70.2,73.61,20342.32
688,2020-11-24,252,199.7,95.09,73.9,4188.47
689,2021-11-24,206,162.4,126.86,84.05,20469.22
690,2020-11-25,254,212.8,81.21,76.64,4269.67
691,2021-11-25,146,162.7,55.449999999999996,83.4,20524.63
692,2020-11-26,272,221.6,90.72,79.4,4360.4
693,2021-11-26,172,169.7,63.59,84.52,20588.23
694,2020-11-27,284,235.6,105.76,84.07,4466.2
695,2021-11-27,152,169.6,78.28,78.33,20666.54
696,2020-11-28,254,246.8,93.28,87.55,4559.46
697,2021-11-28,188,174.8,60.73,75.85,20727.25
698,2020-11-29,268,256.0,74.19,88.59,4633.71
699,2021-11-29,186,176.3,86.09,77.33,20813.35
700,2020-11-30,294,268.0,93.63,90.56,4727.33
701,2021-11-30,214,180.29999999999998,70.94,77.44,20884.3
702,2020-12-01,298,274.3,127.41,95.17999999999999,4854.75
703,2021-12-01,194,178.8,83.07000000000001,71.17,20967.39
704,2020-12-02,304,281.59999999999997,113.93,99.82,4968.71
705,2021-12-02,212,188.4,135.57,82.6,21102.93
706,2020-12-03,392,298.79999999999995,141.41,107.07,5110.07
707,2021-12-03,192,191.29999999999998,91.37,86.57,21194.26
708,2020-12-04,362,310.09999999999997,113.92999999999999,108.28,5224.02
709,2021-12-04,230,202.3,86.42,87.73,21280.62
710,2020-12-05,370,326.9,110.73,110.75,5334.76
711,2021-12-05,176,200.5,75.32,89.81,21355.96
712,2020-12-06,360,339.7,106.95,115.44,5441.66
713,2021-12-06,218,205.1,101.62,92.03,21457.57
714,2020-12-07,376,351.5,128.36,120.42,5570.0199999999995
715,2021-12-07,234,207.8,103.24,96.65,21560.79
716,2020-12-08,422,369.3,162.85999999999999,125.45,5732.87
717,2021-12-08,218,211.2,112.82,100.91,21673.58
718,2020-12-09,438,388.1,154.93,131.31,5887.8
719,2021-12-09,228,213.8,85.31,93.74,21758.94
720,2020-12-10,402,389.8,129.03,129.59,6016.87
721,2021-12-10,266,224.2,104.29,95.58,21863.22
722,2020-12-11,430,399.7,141.15,133.44,6157.9800000000005
723,2021-12-11,228,223.79999999999998,83.24,95.13,21946.43
724,2020-12-12,394,403.0,127.84,135.85,6285.86
725,2021-12-12,180,224.6,77.5,95.46000000000001,22023.989999999998
726,2020-12-13,418,411.2,123.89999999999999,138.3,6409.83
727,2021-12-13,222,225.2,83.92,92.87,22107.89
728,2020-12-14,420,417.8,150.68,141.51,6560.41
729,2021-12-14,272,230.0,94.14,91.62,22202.09
730,2020-12-15,418,416.8,118.55,135.13,6679.02
731,2021-12-15,232,232.6,91.78,88.6,22293.83
732,2020-12-16,404,411.8,140.08,132.99,6819.07
733,2021-12-16,264,237.9,103.88,91.26,22397.66
734,2020-12-17,432,416.4,128.60999999999999,133.01,6947.67
735,2021-12-17,220,231.2,66.8,85.9,22464.53
736,2020-12-18,470,422.3,141.83,133.09,7089.56
737,2021-12-18,236,232.29999999999998,121.71,91.43,22586.25
738,2020-12-19,404,423.6,141.09,134.95,7230.7
739,2021-12-19,180,232.2,66.15,89.81,22652.4
740,2020-12-20,450,428.3,161.77,140.39,7392.4800000000005
741,2021-12-20,222,232.0,107.8,93.19,22760.12
742,2020-12-21,462,434.0,186.18,145.45,7578.61
743,2021-12-21,252,229.3,89.21,92.5,22849.37
744,2020-12-22,484,443.5,167.74,152.47,7746.32
745,2021-12-22,264,234.2,93.99,92.84,22943.38
746,2020-12-23,448,449.5,175.75,157.55,7922.08
747,2021-12-23,242,230.9,84.56,90.03,23027.93
748,2020-12-24,476,455.7,172.0,163.76,8094.11
749,2021-12-24,224,231.1,94.08,93.93,23122.02
750,2020-12-25,404,446.59999999999997,131.42,162.31,8225.53
751,2021-12-25,210,227.5,64.5,85.72,23186.47
752,2020-12-26,410,447.3,146.01,162.99,8371.62
753,2021-12-26,232,235.0,107.57,91.72,23294.12
754,2020-12-27,416,442.5,174.12,164.78,8545.76
755,2021-12-27,210,233.1,71.6,86.49,23365.72
756,2020-12-28,448,440.8,199.01,166.65,8744.8
757,2021-12-28,218,228.8,119.45,90.79,23485.19
758,2020-12-29,424,432.40000000000003,114.07,158.89,8858.84
759,2021-12-29,246,225.8,88.46,90.07000000000001,23573.62
760,2020-12-30,432,429.7,141.84,154.07,9000.7
761,2021-12-30,220,223.10000000000002,61.39,86.71,23635.02
762,2020-12-31,470,429.3,183.24,155.7,9183.89
763,2021-12-31,182,216.8,74.84,84.04,23709.88
