Date,New Cases,7-day Average New Cases,Cum_cases,Population (2019),New Case Rate,7-Day Average New Case Rate,Cumulative Case Rate,percent_test_results_reported_positive_last_7_days,community_transmission_level,Distributed,Administered,Administered_Dose1_Recip,Administered_Dose1_Pop_Pct,Series_Complete_Yes,Series_Complete_Pop_Pct,Additional_Doses,Additional_Doses_Vax_Pct
2021-08-23,3085.0,2657.6,1288450.0,12801989.0,1691.8,1335.8,673519.1,7.788507462686567,3.0,17370885.0,15172755.0,8756622.0,68.4,6954691.0,54.3,0.0,0.0
2021-08-24,3692.0,2865.7999999999997,1292142.0,12801989.0,1913.3,1446.7,675433.2,8.07,3.0,17370885.0,15190103.0,8766124.0,68.5,6962263.0,54.4,0.0,0.0
2021-08-25,3248.0,2764.2,1295390.0,12801989.0,1650.1,1411.5,677082.8,8.288059701492537,3.0,17421485.0,15218928.0,8781535.0,68.6,6974946.0,54.5,0.0,0.0
2021-08-26,3966.0,2972.7999999999997,1299356.0,12801989.0,2258.5,1564.4,679341.2,8.549402985074627,3.0,17625235.0,15253030.0,8799978.0,68.7,6989211.0,54.6,0.0,0.0
2021-08-27,3858.0,3123.1,1303214.0,12801989.0,2005.5,1647.5,681347.3,9.145671641791045,3.0,17739485.0,15292961.0,8822710.0,68.9,7004761.0,54.7,0.0,0.0
2021-08-28,2588.0,3180.2000000000003,1305802.0,12801989.0,1328.0,1678.0,682675.3,9.677462686567164,3.0,17806425.0,15331833.0,8842653.0,69.1,7022532.0,54.9,0.0,0.0
2021-08-29,2540.0,3282.1,1308342.0,12801989.0,1328.2,1739.7,684002.8,10.093731343283581,3.0,17818045.0,15365996.0,8860352.0,69.2,7037389.0,55.0,0.0,0.0
2021-08-30,3578.0,3353.1,1311920.0,12801989.0,2168.7,1807.5,686171.8,10.176865671641792,3.0,17818045.0,15388826.0,8872244.0,69.3,7047739.0,55.1,0.0,0.0
2021-08-31,3933.0,3387.3,1315853.0,12801989.0,2319.1,1865.4,688490.8,10.262985074626865,3.0,17853915.0,15403600.0,8880224.0,69.4,7054540.0,55.1,0.0,0.0
2021-09-01,3729.0,3455.8,1319582.0,12801989.0,2062.1,1924.3,690553.0,10.500597014925372,3.0,17916445.0,15439653.0,8897546.0,69.5,7071957.0,55.2,0.0,0.0
2021-09-02,4065.0,3469.8,1323647.0,12801989.0,2692.5,1986.2,693245.8,10.445074626865672,3.0,18004925.0,15473377.0,8914365.0,69.6,7087237.0,55.4,0.0,0.0
2021-09-03,4660.0,3584.3,1328307.0,12801989.0,2904.3,2114.5,696149.9,10.513880597014925,3.0,18100875.0,15505628.0,8930547.0,69.8,7101884.0,55.5,0.0,0.0
2021-09-04,3110.0,3659.3,1331417.0,12801989.0,1741.2,2173.3,697891.6,10.612686567164179,3.0,18178055.0,15536659.0,8945765.0,69.9,7115870.0,55.6,0.0,0.0
2021-09-05,2486.0,3651.7,1333903.0,12801989.0,1388.1,2182.3,699280.1,11.050746268656717,3.0,18177515.0,15558256.0,8956413.0,70.0,7125538.0,55.7,0.0,0.0
2021-09-06,2316.0,3471.6,1336219.0,12801989.0,1260.2,2052.4,700540.4,11.04761194029851,3.0,18177655.0,15576507.0,8965459.0,70.0,7134346.0,55.7,0.0,0.0
2021-09-07,5033.0,3628.7,1341252.0,12801989.0,3345.1,2199.4,703885.6,11.026567164179104,3.0,18177655.0,15606032.0,8981050.0,70.2,7146396.0,55.8,0.0,0.0
2021-09-08,4340.0,3715.3,1345592.0,12801989.0,2884.0,2316.8,706769.1,10.865074626865672,3.0,18196375.0,15617396.0,8987144.0,70.2,7151968.0,55.9,0.0,0.0
2021-09-09,5195.0,3876.6,1350787.0,12801989.0,3590.4,2444.5,710360.0,11.128507462686567,3.0,18288375.0,15642841.0,8999257.0,70.3,7164447.0,56.0,0.0,0.0
2021-09-10,5402.0,3983.3,1356189.0,12801989.0,3689.1,2556.6,714048.0,11.405373134328357,3.0,18342685.0,15676313.0,9015443.0,70.4,7180058.0,56.1,0.0,0.0
2021-09-11,3784.0,4079.4,1359973.0,12801989.0,2470.7000000000003,2661.2,716519.0,11.734179104477613,3.0,18417345.0,15709016.0,9031923.0,70.6,7195222.0,56.2,0.0,0.0
2021-09-12,3130.0,4171.2,1363103.0,12801989.0,1774.7,2716.3,718293.5,10.929402985074626,3.0,18417345.0,15714069.0,9034840.0,70.6,7197632.0,56.2,0.0,0.0
2021-09-13,4729.0,4516.1,1367832.0,12801989.0,3480.7,3033.3,721774.4,11.002537313432835,3.0,18417345.0,15759838.0,9057958.0,70.8,7218057.0,56.4,0.0,0.0
2021-09-14,4033.0,4373.6,1371865.0,12801989.0,2637.3,2932.3,724411.7,11.047611940298507,3.0,18433265.0,15776966.0,9066932.0,70.8,7226149.0,56.4,0.0,0.0
2021-09-15,6287.0,4651.3,1378152.0,12801989.0,4737.9,3197.2,729149.4,11.02820895522388,3.0,18499295.0,15803009.0,9079748.0,70.9,7238415.0,56.5,0.0,0.0
2021-09-16,5737.0,4729.0,1383889.0,12801989.0,3946.5,3248.0,733096.2,11.151641791044776,3.0,18608175.0,15838570.0,9097304.0,71.1,7255560.0,56.7,0.0,0.0
2021-09-17,5311.0,4715.599999999999,1389200.0,12801989.0,3624.6,3239.3,736720.7,10.95238805970149,3.0,18733375.0,15870658.0,9113177.0,71.2,7270956.0,56.8,0.0,0.0
2021-09-18,4526.0,4821.8,1393726.0,12801989.0,3106.7,3329.8,739827.4,11.214179104477612,3.0,18886495.0,15871428.0,9114072.0,71.2,7271729.0,56.8,0.0,0.0
2021-09-19,2550.0,4739.0,1396276.0,12801989.0,1678.6,3316.4,741505.9,11.363880597014925,3.0,18886695.0,15899334.0,9127481.0,71.3,7285038.0,56.9,0.0,0.0
2021-09-20,4868.0,4758.7,1401144.0,12801989.0,3431.7,3309.2,744938.1,11.263134328358209,3.0,18886695.0,15917396.0,9136195.0,71.4,7294262.0,57.0,0.0,0.0
2021-09-21,4603.0,4840.4,1405747.0,12801989.0,3226.6,3393.4,748164.7,11.352686567164179,3.0,18897905.0,15934159.0,9144388.0,71.4,7302523.0,57.0,0.0,0.0
2021-09-22,5607.0,4742.7,1411354.0,12801989.0,3729.6,3249.2,751894.2,11.445970149253732,3.0,18950365.0,15958141.0,9155640.0,71.5,7313723.0,57.1,0.0,0.0
2021-09-23,5099.0,4651.8,1416453.0,12801989.0,3757.3,3221.6,755651.8,11.672985074626865,3.0,19061995.0,16014184.0,9182757.0,71.7,7339324.0,57.3,0.0,0.0
2021-09-24,5368.0,4659.8,1421821.0,12801989.0,3768.8,3242.9,759419.4,11.686567164179104,3.0,19128845.0,16038687.0,9194768.0,71.8,7350438.0,57.4,0.0,0.0
2021-09-30,5457.0,4754.6,1449732.0,12801989.0,3563.9,3347.8,779089.1,11.797462686567165,3.0,19275615.0,16205819.0,9283640.0,72.5,7405158.0,57.8,0.0,0.0
2021-10-01,4038.0,4564.2,1453770.0,12801989.0,2861.3,3218.8,781950.6,11.78,3.0,19392885.0,16248312.0,9303585.0,72.7,7418431.0,57.9,0.0,0.0
2021-10-02,5796.0,4792.7,1459566.0,12801989.0,3977.0,3376.9,785927.6,11.968805970149253,3.0,19438775.0,16275456.0,9315002.0,72.8,7426237.0,58.0,0.0,0.0
2021-10-03,3968.0,4921.8,1463534.0,12801989.0,2593.5,3433.0,788520.9,11.855820895522388,3.0,19443325.0,16326642.0,9342432.0,73.0,7437862.0,58.1,0.0,0.0
2021-10-04,4818.0,4848.1,1468352.0,12801989.0,3303.3,3346.4,791824.1,12.081940298507464,3.0,19443325.0,16365545.0,9364156.0,73.1,7447512.0,58.2,0.0,0.0
2021-10-05,4929.0,4857.6,1473281.0,12801989.0,3492.8,3348.8,795317.1,12.148955223880597,3.0,19474165.0,16390874.0,9376853.0,73.2,7455024.0,58.2,0.0,0.0
2021-10-06,6283.0,5040.9,1479564.0,12801989.0,4413.4,3457.7,799730.6,12.131492537313433,3.0,19501805.0,16428388.0,9394022.0,73.4,7465121.0,58.3,0.0,0.0
2021-10-07,5535.0,5052.5,1485099.0,12801989.0,3990.5,3518.9,803721.5,12.082089552238806,3.0,19562985.0,16485841.0,9423161.0,73.6,7478873.0,58.4,0.0,0.0
2021-10-08,5493.0,5260.3,1490592.0,12801989.0,3807.3,3654.1,807528.6,12.338507462686566,3.0,19691235.0,16551120.0,9456242.0,73.9,7497640.0,58.6,0.0,0.0
2021-10-09,4063.0,5012.9,1494655.0,12801989.0,3087.2,3526.5,810616.4,12.444776119402984,3.0,19735145.0,16612413.0,9488434.0,74.1,7512952.0,58.7,0.0,0.0
2021-10-10,2750.0,4838.6,1497405.0,12801989.0,1887.8,3426.0,812503.4,12.441492537313433,3.0,19731845.0,16614317.0,9489897.0,74.1,7513444.0,58.7,0.0,0.0
2021-10-11,4651.0,4814.4,1502056.0,12801989.0,3555.4,3462.1,816059.1,12.666268656716417,3.0,19726945.0,16671605.0,9517489.0,74.3,7527569.0,58.8,0.0,0.0
2021-10-12,4775.0,4793.1,1506831.0,12801989.0,3290.1,3433.2,819348.9,12.821492537313432,3.0,19775475.0,16694783.0,9528453.0,74.4,7533657.0,58.8,0.0,0.0
2021-10-13,5691.0,4708.2,1512522.0,12801989.0,4082.0,3386.1,823431.3,12.819253731343283,3.0,19817515.0,16720260.0,9539723.0,74.5,7540559.0,58.9,0.0,0.0
2021-10-14,5227.0,4664.2,1517749.0,12801989.0,4085.5,3399.5,827516.7,12.806417910447761,3.0,19917895.0,16766705.0,9561896.0,74.7,7552044.0,59.0,0.0,0.0
2021-10-15,4766.0,4560.6,1522515.0,12801989.0,3315.5,3329.7,830831.9,12.902985074626866,3.0,20013925.0,16848695.0,9600067.0,75.0,7581872.0,59.2,0.0,0.0
2021-10-17,2934.0,4533.5,1529141.0,12801989.0,1876.3,3216.8,835020.0,12.625522388059702,3.0,20072035.0,16935426.0,9639304.0,75.3,7614096.0,59.5,0.0,0.0
2021-10-18,3868.0,4422.4,1533009.0,12801989.0,2616.7,3082.2,837636.9,12.543582089552238,3.0,20071235.0,16997690.0,9671064.0,75.5,7628425.0,59.6,0.0,0.0
2021-10-19,4441.0,4374.2,1537450.0,12801989.0,3410.4,3100.0,841047.0,12.214925373134328,3.0,20123205.0,17004215.0,9674896.0,75.6,7630178.0,59.6,0.0,0.0
2021-10-20,4345.0,4181.8,1541795.0,12801989.0,3065.2000000000003,2954.4,844112.5,12.235820895522387,3.0,20156785.0,17058311.0,9693993.0,75.7,7651629.0,59.8,282320.0,3.6
2021-10-21,4651.0,4099.7,1546446.0,12801989.0,3174.3,2824.6,847286.5,12.340746268656718,3.0,20285625.0,17099948.0,9713619.0,75.9,7661645.0,59.8,294836.0,3.8
2021-10-22,4926.0,4122.2,1551372.0,12801989.0,3519.3,2853.4,850805.8,12.191641791044777,3.0,20400035.0,17146754.0,9739348.0,76.1,7673543.0,59.9,312401.0,4.1
2021-10-23,2968.0,4018.8,1554340.0,12801989.0,1932.1,2799.1,852738.1,12.047910447761195,3.0,20445385.0,17198354.0,9763204.0,76.3,7685449.0,60.0,328480.0,4.3
2021-10-24,2501.0,3956.8,1556841.0,12801989.0,1668.7,2769.3,854405.8,11.703432835820896,3.0,20442995.0,17237442.0,9780710.0,76.4,7693124.0,60.1,342576.0,4.5
2021-10-25,3750.0,3940.2,1560591.0,12801989.0,2804.4,2796.6,857210.3,11.585522388059701,3.0,20443185.0,17265727.0,9797149.0,76.5,7697728.0,60.1,350773.0,4.6
2021-10-26,4523.0,3951.8,1565114.0,12801989.0,3457.8,2802.7,860667.8,11.587164179104478,3.0,20498415.0,17296417.0,9814654.0,76.7,7702328.0,60.2,359909.0,4.7
2021-11-03,5073.0,3943.7,1597183.0,12801989.0,3837.8,2867.5,884122.3,11.778507462686568,3.0,21503995.0,17811266.0,10073957.0,78.7,7776953.0,60.7,547278.0,7.0
2021-11-04,5366.0,4038.5,1602549.0,12801989.0,4019.5,2945.9,888141.9,11.8455223880597,3.0,21738935.0,17867712.0,10099770.0,78.9,7785241.0,60.8,571018.0,7.3
2021-11-05,4887.0,4098.8,1607436.0,12801989.0,3572.2999999999997,2986.1,891714.5,12.024925373134328,3.0,21823595.0,17935341.0,10130128.0,79.1,7794577.0,60.9,599265.0,7.699999999999999
2021-11-06,3909.0,4224.2,1611345.0,12801989.0,2463.5,3059.2,894177.9,12.205223880597014,3.0,21905315.0,18023716.0,10168585.0,79.4,7807882.0,61.0,636376.0,8.2
2021-11-07,3027.0,4296.4,1614372.0,12801989.0,1867.4,3074.1,896044.9,12.241343283582088,3.0,21904415.0,18110973.0,10214769.0,79.8,7819038.0,61.1,666798.0,8.5
2021-11-08,4036.0,4342.5,1618408.0,12801989.0,2773.7,3084.4,898818.2,12.304029850746268,3.0,21904415.0,18112539.0,10216776.0,79.8,7819502.0,61.1,667444.0,8.5
2021-11-09,5298.0,4513.8,1623706.0,12801989.0,3986.3,3217.0,902805.4,12.332835820895522,3.0,22011795.0,18230746.0,10273524.0,80.2,7847245.0,61.29999999999999,701188.0,8.9
2021-11-10,5647.0,4595.8,1629353.0,12801989.0,4174.3,3264.9,906979.6,12.384477611940298,3.0,22186985.0,18286295.0,10307941.0,80.5,7852488.0,61.29999999999999,718556.0,9.2
2021-11-11,6460.0,4752.4,1635813.0,12801989.0,4938.2,3396.3,911918.2,12.445373134328358,3.0,22574585.0,18388267.0,10361950.0,80.9,7864190.0,61.400000000000006,754329.0,9.6
2021-11-12,5639.0,4859.3,1641452.0,12801989.0,3876.8,3440.2,915794.4,12.699253731343283,3.0,22731135.0,18391440.0,10364351.0,81.0,7864724.0,61.400000000000006,756329.0,9.6
2021-11-13,4639.0,4963.8,1646091.0,12801989.0,3463.0,3583.1,919257.3,13.324328358208955,3.0,22816825.0,18517169.0,10433257.0,81.5,7877202.0,61.5,799801.0,10.2
2021-11-14,3225.0,4991.9,1649316.0,12801989.0,1950.2,3594.6,921207.7,13.642985074626866,3.0,22813375.0,18595506.0,10474477.0,81.8,7890535.0,61.599999999999994,823483.0,10.4
2021-11-15,6451.0,5337.3,1655767.0,12801989.0,4418.8,3829.5,925626.9,13.93089552238806,3.0,22811595.0,18648514.0,10510966.0,82.1,7895107.0,61.70000000000001,835851.0,10.6
2021-11-16,5665.0,5389.3,1661432.0,12801989.0,4097.7,3845.5,929724.4,14.358805970149254,3.0,22929045.0,18712662.0,10547984.0,82.4,7903294.0,61.70000000000001,854238.0,10.8
2021-11-17,7533.0,5658.8,1668965.0,12801989.0,5059.0,3972.0,934783.0,14.530597014925373,3.0,23006235.0,18768348.0,10583178.0,82.7,7908909.0,61.79999999999999,871358.0,11.0
2021-11-18,6900.0,5721.5,1675865.0,12801989.0,5600.6,4066.4,940383.6,14.833880597014925,3.0,23206725.0,18846817.0,10625002.0,83.0,7918276.0,61.900000000000006,899110.0,11.4
2021-11-19,6554.0,5852.2,1682419.0,12801989.0,4640.5,4175.8,945023.7,14.95776119402985,3.0,23326455.0,18915029.0,10663224.0,83.3,7925145.0,61.900000000000006,923108.0,11.6
2021-11-20,4586.0,5844.7,1687005.0,12801989.0,3052.7,4116.9,948076.1,15.073880597014925,3.0,23441785.0,18994877.0,10706906.0,83.6,7934058.0,62.0,950844.0,12.0
2021-11-21,5742.0,6204.8,1692747.0,12801989.0,3493.8,4337.4,951570.0,15.168059701492536,3.0,23441955.0,18998971.0,10710690.0,83.7,7934511.0,62.0,952688.0,12.0
2021-11-22,5835.0,6116.1,1698582.0,12801989.0,3866.8,4258.5,955436.5,15.303880597014928,3.0,23433855.0,19120405.0,10785759.0,84.3,7945527.0,62.099999999999994,986965.0,12.4
2021-11-23,7031.0,6311.6,1705613.0,12801989.0,4991.4,4386.7,960427.6,15.262835820895523,3.0,23507595.0,17968686.0,10327692.0,80.7,7422148.0,58.0,911215.0,12.3
2021-11-24,6965.0,6230.6,1712578.0,12801989.0,4790.5,4347.9,965218.2,15.335074626865673,3.0,23661345.0,18031448.0,10349983.0,80.8,7430988.0,58.0,943177.0,12.7
2021-11-25,5685.0,6057.0,1718263.0,12801989.0,3531.3,4052.0,968749.3,15.398955223880597,3.0,23661345.0,18031448.0,10349983.0,80.8,7430988.0,58.0,943177.0,12.7
2021-11-26,4767.0,5801.7,1723030.0,12801989.0,3143.5,3838.1,971893.1,15.422686567164178,3.0,23661345.0,18031448.0,10349983.0,80.8,7430988.0,58.0,943177.0,12.7
2021-11-27,3937.0,5709.1,1726967.0,12801989.0,2276.1,3727.7,974169.5,15.84268656716418,3.0,23661345.0,18031448.0,10349983.0,80.8,7430988.0,58.0,943177.0,12.7
2021-11-28,5286.0,5643.4,1732253.0,12801989.0,3141.7,3677.6,977311.5,15.811641791044778,3.0,23661345.0,18031448.0,10349983.0,80.8,7430988.0,58.0,943177.0,12.7
2021-11-29,6285.0,5707.9,1738538.0,12801989.0,4309.8,3740.4,981620.5,16.374477611940296,3.0,23598985.0,18263881.0,10435081.0,81.5,7469481.0,58.3,1051894.0,14.1
2021-11-30,7277.0,5742.8,1745815.0,12801989.0,4992.7,3741.0,986613.9,16.338656716417912,3.0,23777055.0,18310906.0,10455826.0,81.7,7478745.0,58.4,1071194.0,14.3
2021-12-01,9297.0,6076.0,1755112.0,12801989.0,6053.5,3921.2,992667.4,16.721044776119403,3.0,23839575.0,18370812.0,10475824.0,81.8,7493304.0,58.5,1096553.0,14.6
2021-12-02,10910.0,6822.8,1766022.0,12801989.0,6788.9,4386.7,999456.2,17.02044776119403,3.0,23974275.0,18442499.0,10501070.0,82.0,7513481.0,58.7,1128454.0,15.0
2021-12-03,8532.0,7360.2,1774554.0,12801989.0,5515.5,4725.6,1004971.2,17.794328358208954,3.0,24118245.0,18519159.0,10523680.0,82.2,7531142.0,58.8,1165791.0,15.5
2021-12-04,5919.0,7643.5,1780473.0,12801989.0,3627.0,4918.4,1008598.5,18.217611940298507,3.0,24110735.0,18607727.0,10552257.0,82.4,7550912.0,59.0,1206129.0,16.0
2021-12-05,5211.0,7633.2,1785684.0,12801989.0,2907.2,4884.6,1011505.4,18.474776119402986,3.0,24092535.0,18611779.0,10556068.0,82.5,7551552.0,59.0,1207979.0,16.0
2021-12-06,7631.0,7825.5,1793315.0,12801989.0,4546.5,4919.0,1016052.1,18.652835820895522,3.0,24070415.0,18752532.0,10595280.0,82.8,7587662.0,59.3,1270692.0,16.7
2021-12-07,7389.0,7841.400000000001,1800704.0,12801989.0,4829.7,4895.2,1020881.2,18.79507462686567,3.0,24153595.0,18809800.0,10613764.0,82.9,7605646.0,59.4,1290156.0,17.0
2021-12-08,7635.0,7604.1,1808339.0,12801989.0,4734.2,4707.0,1025615.8,18.49134328358209,3.0,24301445.0,18875261.0,10637538.0,83.1,7624000.0,59.6,1319943.0,17.3
2021-12-09,11544.0,7694.4,1819883.0,12801989.0,6766.9,4703.6,1032382.4,18.370895522388057,3.0,24407395.0,18887180.0,10644018.0,83.1,7626577.0,59.6,1325136.0,17.4
2021-12-10,10631.0,7994.2,1830514.0,12801989.0,6244.1,4808.1,1038626.6,17.562089552238806,3.0,24546915.0,19044466.0,10690677.0,83.5,7660210.0,59.8,1402731.0,18.3
2021-12-11,7976.0,8288.2,1838490.0,12801989.0,4571.2,4942.8,1043197.9,17.340298507462688,3.0,24647995.0,19122998.0,10716265.0,83.7,7677371.0,60.0,1438359.0,18.7
2021-12-12,5073.0,8268.4,1843563.0,12801989.0,2663.4,4907.8,1045860.8,17.088656716417912,3.0,24648095.0,19205045.0,10739632.0,83.9,7695570.0,60.1,1477820.0,19.2
2021-12-13,8025.0,8324.9,1851588.0,12801989.0,4926.2,4961.8,1050787.3,16.7255223880597,3.0,24646275.0,19263489.0,10756516.0,84.0,7713075.0,60.2,1501547.0,19.5
2021-12-14,7117.0,8286.0,1858705.0,12801989.0,4195.5,4872.2,1054983.3,16.549850746268657,3.0,24745425.0,19297437.0,10767178.0,84.1,7723610.0,60.3,1514607.0,19.6
2021-12-15,7768.0,8305.2,1866473.0,12801989.0,4602.8,4853.1,1059586.0,16.48716417910448,3.0,24795615.0,19368852.0,10789299.0,84.3,7740891.0,60.5,1546662.0,20.0
2021-12-16,8423.0,7858.6,1874896.0,12801989.0,4518.9,4531.4,1064104.7,16.121492537313433,3.0,24944015.0,19371479.0,10792516.0,84.3,7741532.0,60.5,1548332.0,20.0
2021-12-17,9133.0,7645.4,1884029.0,12801989.0,4692.2,4310.4,1068796.7,15.867761194029852,3.0,25099015.0,19522780.0,10837766.0,84.7,7773908.0,60.7,1619087.0,20.8
2021-12-18,6720.0,7465.2,1890749.0,12801989.0,3564.5,4166.3,1072361.1,15.663731343283583,3.0,25066855.0,19602357.0,10863574.0,84.9,7788858.0,60.8,1657610.0,21.3
2021-12-19,4684.0,7410.4,1895433.0,12801989.0,2174.0,4096.1,1074535.1,15.407910447761193,3.0,25066285.0,19604078.0,10865741.0,84.9,7789137.0,60.8,1659031.0,21.3
2021-12-20,8994.0,7548.6,1904427.0,12801989.0,4621.9,4052.9,1079157.4,15.406716417910447,3.0,25033525.0,19725436.0,10905285.0,85.2,7810329.0,61.0,1716658.0,22.0
2021-12-21,10799.0,8074.599999999999,1915226.0,12801989.0,5323.8,4213.9,1084481.2,14.881194029850747,3.0,25091705.0,19623961.0,9842438.0,76.9,8102895.0,63.29999999999999,2378305.0,29.4
2021-12-22,11103.0,8551.2,1926329.0,12801989.0,4924.0,4260.0,1089404.7,14.92179104477612,3.0,25208705.0,19708270.0,9871366.0,77.1,8115514.0,63.400000000000006,2419034.0,29.8
2021-12-23,13920.0,9336.4,1940249.0,12801989.0,6041.1,4477.3,1095445.3,14.67313432835821,3.0,25480565.0,19797910.0,9898704.0,77.3,8126163.0,63.5,2465100.0,30.3
2021-12-24,11918.0,9733.5,1952167.0,12801989.0,4585.0,4461.9,1100030.5,14.42,3.0,25506855.0,19878738.0,9926465.0,77.5,8137276.0,63.599999999999994,2506071.0,30.799999999999997
2021-12-25,7741.0,9880.199999999999,1959908.0,12801989.0,2469.5,4305.6,1102499.9,14.252985074626867,3.0,25506875.0,19880361.0,9928138.0,77.6,8137510.0,63.599999999999994,2506766.0,30.799999999999997
2021-12-26,6234.0,10101.3,1966142.0,12801989.0,2441.1,4343.6,1104941.3,14.694477611940298,3.0,25407055.0,19881050.0,9928873.0,77.6,8137604.0,63.599999999999994,2506899.0,30.799999999999997
2021-12-27,14763.0,10925.2,1980905.0,12801989.0,5304.7,4441.3,1110246.0,15.107014925373134,3.0,25395015.0,19881059.0,9929676.0,77.6,8137746.0,63.599999999999994,2507153.0,30.799999999999997
2021-12-28,15660.0,11619.699999999999,1996565.0,12801989.0,6169.9,4562.0,1116415.9,15.212686567164178,3.0,25395015.0,19986289.0,9967512.0,77.9,8152152.0,63.70000000000001,2555871.0,31.399999999999995
2021-12-29,19953.0,12884.1,2016518.0,12801989.0,7833.4,4977.9,1124249.1,15.280597014925373,3.0,25629995.0,20028871.0,9982981.0,78.0,8159607.0,63.70000000000001,2575228.0,31.600000000000005
2021-12-30,23200.0,14209.9,2039718.0,12801989.0,9081.5,5412.0,1133330.5,15.814029850746268,3.0,25672555.0,20120946.0,10015911.0,78.2,8174643.0,63.900000000000006,2617172.0,32.0
2021-12-31,24721.0,16039.1,2064439.0,12801989.0,8725.5,6003.7,1142056.7,17.41313432835821,3.0,25675635.0,20123432.0,10019137.0,78.3,8175175.0,63.900000000000006,2618469.0,32.0
2022-01-01,19594.0,17732.3,2084033.0,12801989.0,7498.3,6721.8,1149555.1,19.749701492537312,3.0,25644175.0,20124975.0,10020549.0,78.3,8175381.0,63.900000000000006,2619108.0,32.0
2022-01-02,17560.0,19350.4,2101593.0,12801989.0,6311.7,7275.4,1155866.4,21.14402985074627,3.0,25635805.0,20124975.0,10020549.0,78.3,8175381.0,63.900000000000006,2619108.0,32.0
2022-01-03,24362.0,20721.7,2125955.0,12801989.0,9624.8,7892.3,1165491.4,22.50313432835821,3.0,25634675.0,20126121.0,10022378.0,78.3,8175733.0,63.900000000000006,2619612.0,32.0
2022-01-04,25980.0,22195.5,2151935.0,12801989.0,10542.5,8517.1,1176033.2,23.646567164179103,3.0,25634675.0,20306119.0,10084465.0,78.8,8204805.0,64.1,2702528.0,32.9
2022-01-05,30481.0,23699.7,2182416.0,12801989.0,11421.6,9029.2,1187455.5,24.104776119402985,3.0,25730845.0,20349109.0,10099652.0,78.9,8212824.0,64.2,2721942.0,33.1
2022-01-06,29239.0,24562.6,2211655.0,12801989.0,12627.1,9536.1,1200082.3,25.17686567164179,3.0,26336805.0,20403513.0,10119006.0,79.0,8221488.0,64.2,2747303.0,33.4
2022-01-07,33395.0,25801.8,2245050.0,12801989.0,13799.8,10261.4,1213882.8,26.729253731343285,3.0,26336805.0,20462128.0,10139558.0,79.2,8230767.0,64.3,2775734.0,33.7
2022-01-08,28014.0,27004.4,2273064.0,12801989.0,11590.3,10845.4,1225472.6,27.721641791044775,3.0,26624325.0,20537785.0,10167182.0,79.4,8244274.0,64.4,2809296.0,34.1
2022-01-09,23578.0,27864.8,2296642.0,12801989.0,10187.5,11399.4,1235659.7,28.50537313432836,3.0,26620625.0,20594218.0,10187104.0,79.6,8253261.0,64.5,2835485.0,34.4
2022-01-10,28491.0,28453.9,2325133.0,12801989.0,11817.4,11712.1,1247477.6,29.736865671641795,3.0,26621025.0,20636879.0,10202362.0,79.7,8260539.0,64.5,2854731.0,34.6
2022-01-11,29071.0,28895.4,2354204.0,12801989.0,12494.7,11991.1,1259972.2,30.051641791044776,3.0,26716225.0,20679096.0,10218537.0,79.8,8268163.0,64.6,2872913.0,34.7
2022-01-12,25424.0,28173.5,2379628.0,12801989.0,11952.8,12066.9,1271924.8,30.56940298507463,3.0,26816615.0,20725462.0,10234930.0,79.9,8276370.0,64.6,2893932.0,35.0
2022-01-13,26457.0,27776.100000000002,2406085.0,12801989.0,13843.2,12241.0,1285768.2,30.62701492537314,3.0,26888015.0,20775704.0,10253027.0,80.1,8284852.0,64.7,2917775.0,35.2
2022-01-14,25151.0,26598.1,2431236.0,12801989.0,12163.9,12007.3,1297932.0,30.408059701492537,3.0,26992055.0,20834607.0,10273941.0,80.3,8295265.0,64.8,2944655.0,35.5
2022-01-15,32246.0,27202.6,2463482.0,12801989.0,17474.1,12847.5,1315405.5,31.011343283582086,3.0,27157655.0,20883278.0,10291776.0,80.4,8303444.0,64.9,2967172.0,35.7
2022-01-16,12307.0,25592.5,2475789.0,12801989.0,6283.4,12289.9,1321689.1,30.958805970149257,3.0,27157955.0,20932334.0,10308060.0,80.5,8310434.0,64.9,2991582.0,36.0
2022-01-17,14083.0,23534.0,2489872.0,12801989.0,8021.6,11747.4,1329710.2,30.692089552238805,3.0,27157955.0,20967904.0,10321789.0,80.6,8314105.0,64.9,3008954.0,36.2
2022-01-18,19228.0,22128.0,2509100.0,12801989.0,9708.9,11349.6,1339419.6,29.99179104477612,3.0,27174555.0,20989550.0,10330889.0,80.7,8316609.0,65.0,3018646.0,36.3
2022-01-19,17860.0,21047.6,2526960.0,12801989.0,10631.3,11160.7,1350050.5,29.54865671641791,3.0,27215355.0,21014852.0,10357403.0,80.9,8331262.0,65.1,3030023.0,36.4
2022-01-20,19059.0,19990.4,2546019.0,12801989.0,11445.0,10818.2,1361495.7,29.448358208955224,3.0,27305655.0,21221427.0,10382985.0,81.1,8344473.0,65.2,3195026.0,38.3
2022-01-21,18195.0,18996.7,2564214.0,12801989.0,11239.6,10686.4,1372735.4,29.38820895522388,3.0,27343255.0,21258383.0,10395254.0,81.2,8352090.0,65.2,3211699.0,38.5
2022-01-22,10467.0,15885.5,2574681.0,12801989.0,6199.6,9075.9,1378934.9,28.838358208955224,3.0,27548755.0,21306772.0,10411994.0,81.3,8362828.0,65.3,3231526.0,38.6
2022-01-23,8367.0,15323.0,2583048.0,12801989.0,4485.5,8819.1,1383420.4,28.686716417910446,3.0,27548755.0,21342255.0,10423499.0,81.4,8369481.0,65.4,3247950.0,38.8
2022-01-24,12730.0,15129.3,2595778.0,12801989.0,8112.0,8831.8,1391532.6,28.461641791044777,3.0,27548755.0,21371394.0,10434119.0,81.5,8373418.0,65.4,3261996.0,39.0
2022-01-25,12740.0,14201.9,2608518.0,12801989.0,7837.6,8564.4,1399369.8,29.016716417910445,3.0,27583755.0,21388811.0,10441334.0,81.6,8376030.0,65.4,3269982.0,39.0
2022-01-26,16773.0,14047.1,2625291.0,12801989.0,11157.5,8639.6,1410527.1,28.815671641791045,3.0,27635055.0,21415468.0,10450181.0,81.6,8381486.0,65.5,3281647.0,39.2
2022-01-27,13370.0,13234.9,2638661.0,12801989.0,8858.9,8270.1,1419385.4,28.379253731343283,3.0,27671655.0,21469741.0,10469738.0,81.8,8394026.0,65.6,3302338.0,39.3
2022-01-28,13107.0,12507.8,2651768.0,12801989.0,7044.7,7671.0,1426430.3,27.76582089552239,3.0,27718355.0,21499184.0,10479245.0,81.9,8401030.0,65.6,3314787.0,39.5
2022-01-29,6614.0,11957.0,2658382.0,12801989.0,4182.7,7382.2,1430613.8,26.805820895522388,3.0,27759455.0,21526540.0,10488359.0,81.9,8407908.0,65.7,3325760.0,39.6
2022-01-30,4359.0,11384.7,2662741.0,12801989.0,2910.0,7157.7,1433523.7,26.659253731343284,3.0,27759455.0,21555822.0,10497691.0,82.0,8414473.0,65.7,3338215.0,39.7
2022-01-31,6112.0,10439.1,2668853.0,12801989.0,3936.1,6561.2,1437459.8,25.153880597014926,3.0,27759455.0,21576058.0,10503938.0,82.0,8419217.0,65.8,3346965.0,39.8
2022-02-01,7406.0,9677.6,2676259.0,12801989.0,5232.7,6189.2,1442692.4,24.348059701492538,3.0,27768855.0,21588351.0,10507922.0,82.1,8423121.0,65.8,3351688.0,39.8
2022-02-02,8114.0,8440.2,2684373.0,12801989.0,4987.9,5307.4,1447680.4,23.961940298507464,3.0,27833155.0,21629621.0,10522346.0,82.2,8434737.0,65.9,3365804.0,39.9
2022-02-03,6593.0,7472.1,2690966.0,12801989.0,4402.8,4670.9,1452083.2,23.317462686567165,3.0,27919955.0,21658568.0,10531261.0,82.3,8443447.0,66.0,3376414.0,40.0
2022-02-04,5531.0,6389.5,2696497.0,12801989.0,3818.6,4210.7,1455901.8,22.0755223880597,3.0,27993655.0,21680510.0,10537949.0,82.3,8449787.0,66.0,3385480.0,40.1
2022-02-05,3198.0,5902.1,2699695.0,12801989.0,1793.7,3868.8,1457695.6,21.233731343283583,3.0,27995855.0,21711626.0,10548637.0,82.4,8459651.0,66.1,3395617.0,40.1
2022-02-06,2313.0,5609.7,2702008.0,12801989.0,1345.9,3645.1,1459041.3,19.986268656716415,3.0,27996455.0,21731016.0,10554579.0,82.4,8465567.0,66.1,3402745.0,40.2
2022-02-07,4150.0,5328.9,2706158.0,12801989.0,3131.3,3530.5,1462171.7,18.959850746268657,3.0,27996455.0,21746713.0,10559090.0,82.5,8470554.0,66.2,3408851.0,40.2
2022-02-08,4503.0,4914.3,2710661.0,12801989.0,3340.1,3260.0,1465512.2,18.30134328358209,3.0,28024655.0,21756930.0,10562151.0,82.5,8474463.0,66.2,3412213.0,40.3
2022-02-09,4588.0,4410.5,2715249.0,12801989.0,2995.7,2975.4,1468508.0,17.71014925373134,3.0,28098755.0,21773162.0,10567466.0,82.5,8479166.0,66.2,3418108.0,40.3
2022-02-10,4063.0,4049.6,2719312.0,12801989.0,2602.9,2718.0,1471110.6,17.205223880597014,3.0,28161625.0,21791772.0,10573455.0,82.6,8484950.0,66.3,3424954.0,40.4
2022-02-11,4757.0,3939.1,2724069.0,12801989.0,3067.2000000000003,2611.0,1474178.1,15.963432835820894,3.0,28177925.0,21817475.0,10583397.0,82.7,8493283.0,66.3,3431990.0,40.4
2022-02-12,1949.0,3760.2,2726018.0,12801989.0,1229.3,2530.4,1475407.4,15.004328358208955,3.0,28204425.0,21860165.0,10598544.0,82.8,8507069.0,66.5,3444672.0,40.5
2022-02-13,1907.0,3702.5,2727925.0,12801989.0,1192.8,2508.6,1476600.0,14.444179104477612,3.0,28204425.0,21879109.0,10604046.0,82.8,8512784.0,66.5,3451824.0,40.5
2022-02-14,2952.0,3531.3,2730877.0,12801989.0,1850.7,2325.7,1478450.8,13.873582089552238,3.0,28204425.0,21879282.0,10604382.0,82.8,8512926.0,66.5,3451959.0,40.5
2022-02-15,2444.0,3237.3,2733321.0,12801989.0,1770.6,2101.5,1480221.6,13.381194029850747,3.0,28220625.0,21900089.0,10610292.0,82.9,8520026.0,66.6,3459145.0,40.6
2022-02-16,3691.0,3109.1,2737012.0,12801989.0,2232.9,1992.2,1482454.4,13.018059701492538,3.0,28239825.0,21912022.0,10614304.0,82.9,8523714.0,66.6,3463243.0,40.6
2022-02-17,3003.0,2957.3,2740015.0,12801989.0,1961.2,1900.4,1484416.0,12.274925373134328,3.0,28570425.0,21931430.0,10617107.0,82.9,8525362.0,66.6,3471733.0,40.7
2022-02-18,3732.0,2811.3,2743747.0,12801989.0,2486.5,1817.9,1486902.0,11.597462686567164,3.0,28649125.0,21950248.0,10622123.0,83.0,8530641.0,66.6,3478193.0,40.8
2022-02-19,1459.0,2740.9,2745206.0,12801989.0,906.2,1771.0,1487808.0,10.762388059701493,3.0,28672425.0,21965985.0,10626942.0,83.0,8535603.0,66.7,3483781.0,40.8
2022-02-20,937.0,2602.5,2746143.0,12801989.0,573.2,1683.1,1488380.4,10.323731343283583,3.0,28672425.0,21966299.0,10627270.0,83.0,8535759.0,66.7,3484076.0,40.8
2022-02-21,1565.0,2404.4,2747708.0,12801989.0,1069.8,1571.2,1489450.8,10.806417910447761,3.0,28672425.0,21996632.0,10636089.0,83.1,8544462.0,66.7,3495044.0,40.9
2022-02-22,2001.0,2341.0,2749709.0,12801989.0,1453.1,1526.1,1490903.9,10.39313432835821,3.0,28685125.0,21998982.0,10636984.0,83.1,8545340.0,66.8,3495985.0,40.9
2022-02-23,1947.0,2092.1,2751656.0,12801989.0,1339.3,1398.1,1492242.7,10.152835820895522,3.0,28707425.0,22030656.0,10648233.0,83.2,8554164.0,66.8,3505985.0,41.0
2022-02-24,1643.0,1898.0,2753299.0,12801989.0,1024.0,1264.4,1493267.2,9.849253731343284,3.0,28729125.0,22046766.0,10653120.0,83.2,8559178.0,66.9,3511486.0,41.0
2022-02-25,2380.0,1704.8,2755679.0,12801989.0,1368.4,1105.1,1494636.0,10.231940298507462,3.0,28765525.0,22063192.0,10657751.0,83.3,8564225.0,66.9,3517453.0,41.1
2022-02-26,798.0,1610.4,2756477.0,12801989.0,485.5,1044.9,1495121.3,9.972686567164178,3.0,28770325.0,22079755.0,10662966.0,83.3,8569355.0,66.9,3523332.0,41.1
2022-02-27,620.0,1564.8,2757097.0,12801989.0,401.0,1020.8,1495522.4,9.449402985074627,3.0,28770425.0,22093352.0,10667262.0,83.3,8573265.0,67.0,3528636.0,41.2
2022-02-28,1330.0,1531.5,2758427.0,12801989.0,856.1,989.7,1496377.8,8.209999999999999,3.0,28788225.0,22101802.0,10669839.0,83.3,8575720.0,67.0,3532050.0,41.2
2022-03-01,1212.0,1418.6,2759639.0,12801989.0,825.1,899.9,1497203.1,7.790597014925374,3.0,28797825.0,22112731.0,10673478.0,83.4,8579266.0,67.0,3535819.0,41.2
2022-03-02,1186.0,1309.9,2760825.0,12801989.0,803.9,823.6,1498007.4,7.74820895522388,3.0,28812725.0,22129392.0,10680421.0,83.4,8586638.0,67.1,3541113.0,41.2
2022-03-03,1234.0,1251.0,2762059.0,12801989.0,732.8,781.6,1498740.0,7.443134328358209,3.0,28878025.0,22146157.0,10685751.0,83.5,8592083.0,67.1,3546683.0,41.3
2022-03-04,1069.0,1064.1,2763128.0,12801989.0,626.0,675.6,1499365.7,6.651492537313432,3.0,28926025.0,22159752.0,10690284.0,83.5,8596424.0,67.1,3551165.0,41.3
2022-03-05,590.0,1034.5,2763718.0,12801989.0,333.0,654.0,1499698.8,6.355820895522387,3.0,28983225.0,22159961.0,10690557.0,83.5,8596604.0,67.2,3551345.0,41.3
2022-03-06,675.0,1042.2,2764393.0,12801989.0,334.0,644.2,1500032.4,6.043582089552239,3.0,28983225.0,22160167.0,10690767.0,83.5,8596701.0,67.2,3551484.0,41.3
2022-03-07,1286.0,1035.5,2765679.0,12801989.0,668.0,617.2,1500700.6,5.172238805970149,3.0,28983225.0,22160761.0,10691093.0,83.5,8596920.0,67.2,3551643.0,41.3
2022-03-08,900.0,991.8,2766579.0,12801989.0,660.1,594.0,1501361.0,4.922238805970149,3.0,28997425.0,22164396.0,10692347.0,83.5,8598089.0,67.2,3553031.0,41.3
2022-03-09,1036.0,969.6,2767615.0,12801989.0,638.1,570.2,1501998.8,4.867014925373135,3.0,29017925.0,22180705.0,10697261.0,83.6,8603607.0,67.2,3558323.0,41.4
2022-03-10,930.0,926.4,2768545.0,12801989.0,516.3,539.5,1502515.6,4.637611940298508,3.0,29038225.0,22192408.0,10701081.0,83.6,8606988.0,67.2,3562405.0,41.4
2022-03-11,891.0,901.5,2769436.0,12801989.0,508.2,522.8,1503022.8,4.585820895522388,3.0,29054725.0,22201225.0,10703836.0,83.6,8609355.0,67.3,3565480.0,41.4
2022-03-12,385.0,871.6,2769821.0,12801989.0,191.7,502.7,1503214.6,4.315970149253731,3.0,29054725.0,22213929.0,10708094.0,83.6,8613394.0,67.3,3569522.0,41.4
2022-03-13,299.0,818.1,2770120.0,12801989.0,177.6,480.1,1503392.4,4.191044776119403,3.0,29054725.0,22214070.0,10708275.0,83.6,8613470.0,67.3,3569648.0,41.4
2022-03-14,1017.0,779.9,2771137.0,12801989.0,529.1,460.1,1503921.2,4.15,3.0,29068925.0,22228804.0,10712677.0,83.7,8617276.0,67.3,3574932.0,41.5
2022-03-15,914.0,781.9,2772051.0,12801989.0,464.9,432.5,1504386.6,4.162537313432836,3.0,29080825.0,22234754.0,10714651.0,83.7,8619198.0,67.3,3576719.0,41.5
2022-03-16,892.0,760.6,2772943.0,12801989.0,436.6,403.5,1504823.1,3.9604477611940303,3.0,29098425.0,22243436.0,10717480.0,83.7,8621690.0,67.3,3579552.0,41.5
2022-03-17,837.0,748.1,2773780.0,12801989.0,409.7,388.7,1505233.1,3.7902985074626865,2.0,29161525.0,22252378.0,10720428.0,83.7,8624090.0,67.4,3582720.0,41.5
2022-03-18,632.0,710.9,2774412.0,12801989.0,363.5,367.7,1505596.9,3.7646268656716417,2.0,29237225.0,22261305.0,10723220.0,83.8,8626380.0,67.4,3586066.0,41.6
2022-03-19,394.0,712.1,2774806.0,12801989.0,154.7,362.0,1505751.2,3.6667164179104477,2.0,29237225.0,22270174.0,10726038.0,83.8,8628776.0,67.4,3589266.0,41.6
2022-03-20,281.0,709.8,2775087.0,12801989.0,120.2,354.2,1505871.7,3.632388059701493,2.0,29237225.0,22270325.0,10726216.0,83.8,8628870.0,67.4,3589392.0,41.6
2022-03-21,573.0,645.9,2775660.0,12801989.0,354.2,329.8,1506225.8,3.4049253731343283,2.0,29237225.0,22286111.0,10730724.0,83.8,8632599.0,67.4,3596075.0,41.7
2022-03-22,650.0,608.5,2776310.0,12801989.0,350.6,312.7,1506575.6,3.2468656716417907,2.0,29237225.0,22289088.0,10731771.0,83.8,8633384.0,67.4,3597261.0,41.7
2022-03-23,952.0,617.0,2777262.0,12801989.0,476.1,318.8,1507052.1,3.2292537313432836,2.0,29279925.0,22297051.0,10734463.0,83.8,8636075.0,67.5,3599651.0,41.7
2022-03-24,730.0,601.9,2777992.0,12801989.0,332.5,307.7,1507384.4,3.1356716417910446,2.0,29296925.0,22314165.0,10740003.0,83.9,8640788.0,67.5,3605549.0,41.7
2022-03-25,637.0,602.8000000000001,2778629.0,12801989.0,323.0,301.9,1507707.5,3.106417910447761,3.0,29319025.0,22323987.0,10743163.0,83.9,8643588.0,67.5,3608912.0,41.8
2022-03-26,377.0,599.6,2779006.0,12801989.0,163.7,303.1,1507871.3,2.97910447761194,3.0,29338425.0,22333948.0,10746564.0,83.9,8645789.0,67.5,3612196.0,41.8
2022-03-27,374.0,612.9,2779380.0,12801989.0,132.0,304.5,1508003.5,2.856865671641791,3.0,29338425.0,22334165.0,10746758.0,83.9,8645882.0,67.5,3612306.0,41.8
2022-03-28,549.0,609.9,2779929.0,12801989.0,313.0,298.9,1508316.7,2.734626865671642,3.0,29338425.0,22345972.0,10751281.0,84.0,8648165.0,67.6,3616714.0,41.8
2022-03-29,737.0,622.2,2780666.0,12801989.0,316.6,293.9,1508633.3,2.7182089552238806,3.0,29360025.0,22350739.0,10752947.0,84.0,8649469.0,67.6,3618489.0,41.8
2022-03-30,632.0,576.7,2781298.0,12801989.0,313.5,270.3,1508946.4,2.696417910447761,3.0,29378125.0,22357701.0,10755145.0,84.0,8651206.0,67.6,3620861.0,41.9
2022-03-31,924.0,604.2,2782222.0,12801989.0,389.9,278.5,1509336.6,2.7459701492537314,2.0,29434625.0,22367634.0,10758646.0,84.0,8653952.0,67.6,3624165.0,41.9
2022-04-01,786.0,625.8,2783008.0,12801989.0,398.7,289.6,1509734.6,2.7441791044776123,2.0,29455025.0,22378112.0,10762310.0,84.1,8656900.0,67.6,3627586.0,41.9
2022-04-02,348.0,621.3,2783356.0,12801989.0,146.8,287.0,1509882.2,2.7143283582089555,2.0,29582525.0,22380564.0,10763137.0,84.1,8657605.0,67.6,3628278.0,41.9
2022-04-03,450.0,632.2,2783806.0,12801989.0,141.1,288.9,1510023.2,2.72955223880597,3.0,29582725.0,22381132.0,10763593.0,84.1,8657937.0,67.6,3628486.0,41.9
2022-04-06,1193.0,774.4,2786720.0,12801989.0,558.9,349.0,1511390.7,2.806268656716418,3.0,29665125.0,22431687.0,10778370.0,84.2,8673652.0,67.8,3644256.0,42.0
2022-04-07,1119.0,802.4,2787839.0,12801989.0,414.7,352.6,1511805.1,2.784776119402985,3.0,29708725.0,22446301.0,10782644.0,84.2,8678318.0,67.8,3648557.0,42.0
2022-04-08,1073.0,843.1,2788912.0,12801989.0,430.2,357.4,1512234.6,3.014925373134328,3.0,29795825.0,22457550.0,10785831.0,84.3,8682027.0,67.8,3652318.0,42.1
2022-04-09,590.0,877.7,2789502.0,12801989.0,219.2,367.5,1512453.7,3.269402985074627,3.0,29795825.0,22472518.0,10790873.0,84.3,8686408.0,67.9,3657197.0,42.1
2022-04-10,614.0,900.9,2790116.0,12801989.0,272.7,386.2,1512726.4,3.422089552238806,3.0,29882325.0,22482965.0,10793827.0,84.3,8689783.0,67.9,3660680.0,42.1
2022-04-11,1013.0,938.3,2791129.0,12801989.0,501.8,404.4,1513228.1,3.493134328358209,3.0,29882325.0,22487636.0,10795308.0,84.3,8691454.0,67.9,3662170.0,42.1
2022-04-12,1416.0,1002.3000000000001,2792545.0,12801989.0,551.5,421.6,1513779.4,3.613582089552239,3.0,29905425.0,22495403.0,10797793.0,84.3,8694354.0,67.9,3664492.0,42.1
2022-04-13,1814.0,1091.2,2794359.0,12801989.0,677.2,438.2,1514456.8,3.6413432835820894,3.0,29939625.0,22528100.0,10806953.0,84.4,8701030.0,68.0,3673627.0,42.2
2022-04-14,1180.0,1100.2,2795539.0,12801989.0,536.2,455.5,1514993.1,3.811044776119403,3.0,30012325.0,22539547.0,10810234.0,84.4,8704752.0,68.0,3677186.0,42.2
